"Quantidade de condutores habilitados por região, uf, sexo, faixa etária por categoria - XLS";;;;;;;;;;;;;;;;;;
;;;;;;;;;;;;;;;;;;
Filtro do relatório:;;;;;;;;;;;;;;;;;;
"(Categoria = A-Condutor Moto, AB-Condutor Moto/Carro, AC-Condutor Moto/Caminhão, AD-Condutor Moto/Ônibus, AE-Condutor Moto/Carreta, B-Condutor Carro, C-Condutor Caminhão, D-Condutor Ônibus, E-Condutor Carreta, X-Condutor Ciclomotor, XB-Condutor Ciclomotor/Carro, XC-Condutor Ciclomotor/Caminhão, XD-Condutor Ciclomotor/Ônibus, XE-Condutor Ciclomotor/Carreta) E ({Região Habilitação Atual} = Centro-Oeste, Nordeste, Norte, Sudeste, Sul) E (Sexo = Masculino, Feminino) E ({UF Habilitação Atual} = Acre, Alagoas, Amazonas, Amapá, Bahia, Ceará, Distrito Federal, Espírito Santo, Goiás, Maranhão, Minas Gerais, Mato Grosso do Sul, Mato Grosso, Pará, Paraíba, Pernambuco, Piauí, Paraná, Rio de Janeiro, Rio Grande do Norte, Rondônia, Roraima, Rio Grande do Sul, Santa Catarina, Sergipe, São Paulo, Tocantins) E ({Faixa Etária} = 00 a 17, 18 a 21, 22 a 25, 26 a 30, 31 a 40, 41 a 50, 51 a 60, 61 a 70, 71 a 80, 81 a 90, 91 a 100, 101 a 120, Mais de 120) E ({Data  Referência Extração} = Fev/2024)";;;;;;;;;;;;;;;;;;
;;;;;;;;;;;;;;;;;;
Região Habilitação Atual;UF Habilitação Atual;Sexo;Categoria;A-Condutor Moto;AB-Condutor Moto/Carro;AC-Condutor Moto/Caminhão;AD-Condutor Moto/Ônibus;AE-Condutor Moto/Carreta;B-Condutor Carro;C-Condutor Caminhão;D-Condutor Ônibus;E-Condutor Carreta;X-Condutor Ciclomotor;XB-Condutor Ciclomotor/Carro;XC-Condutor Ciclomotor/Caminhão;XD-Condutor Ciclomotor/Ônibus;XE-Condutor Ciclomotor/Carreta;Total
;;;Faixa Etária;Qt. Condutor Histórico;Qt. Condutor Histórico;Qt. Condutor Histórico;Qt. Condutor Histórico;Qt. Condutor Histórico;Qt. Condutor Histórico;Qt. Condutor Histórico;Qt. Condutor Histórico;Qt. Condutor Histórico;Qt. Condutor Histórico;Qt. Condutor Histórico;Qt. Condutor Histórico;Qt. Condutor Histórico;Qt. Condutor Histórico;Qt. Condutor Histórico
Centro-Oeste;Distrito Federal;Masculino;18 a 21;129 ;10.404 ;8 ;29 ;2 ;16.691 ;5 ;13 ;1 ;;;;;;27.282 
;;;22 a 25;449 ;23.638 ;21 ;1.011 ;100 ;30.770 ;14 ;382 ;28 ;;;;;;56.413 
;;;26 a 30;865 ;39.470 ;33 ;3.780 ;503 ;50.709 ;19 ;1.343 ;122 ;;;;;;96.844 
;;;31 a 40;2.202 ;91.698 ;139 ;18.912 ;3.655 ;107.858 ;63 ;7.443 ;844 ;;2 ;;;;232.816 
;;;41 a 50;1.810 ;69.138 ;795 ;27.143 ;6.126 ;117.572 ;713 ;19.255 ;2.988 ;;1 ;2 ;;;245.543 
;;;51 a 60;798 ;35.213 ;2.056 ;17.477 ;3.246 ;87.224 ;1.877 ;20.289 ;2.680 ;;4 ;;;;170.864 
;;;61 a 70;277 ;16.953 ;1.131 ;6.993 ;1.179 ;60.524 ;1.993 ;14.675 ;1.881 ;;1 ;1 ;;;105.608 
;;;71 a 80;54 ;5.120 ;161 ;1.387 ;170 ;42.089 ;1.070 ;7.128 ;643 ;;2 ;;;;57.824 
;;;81 a 90;17 ;1.345 ;42 ;340 ;11 ;21.657 ;518 ;3.545 ;155 ;;;;;;27.630 
;;;91 a 100;3 ;282 ;9 ;47 ;1 ;7.940 ;106 ;839 ;16 ;;;;;;9.243 
;;;101 a 120;;34 ;;3 ;;1.406 ;4 ;54 ;;;;;;;1.501 
;;;Total;6.604 ;293.295 ;4.395 ;77.122 ;14.993 ;544.440 ;6.382 ;74.966 ;9.358 ;;10 ;3 ;;;1.031.568 
;;Feminino;18 a 21;42 ;2.909 ;;;;15.940 ;;;;;;;;;18.891 
;;;22 a 25;151 ;6.601 ;;19 ;1 ;33.628 ;;11 ;;;;;;;40.411 
;;;26 a 30;381 ;11.345 ;;75 ;5 ;61.678 ;;114 ;1 ;;;;;;73.599 
;;;31 a 40;949 ;26.560 ;2 ;619 ;49 ;156.126 ;1 ;817 ;20 ;;;;;;185.143 
;;;41 a 50;736 ;16.228 ;9 ;853 ;73 ;167.133 ;7 ;1.575 ;36 ;;1 ;;;;186.651 
;;;51 a 60;208 ;5.541 ;43 ;405 ;33 ;107.903 ;86 ;1.305 ;19 ;;;;;;115.543 
;;;61 a 70;19 ;1.664 ;19 ;89 ;8 ;64.826 ;62 ;489 ;12 ;;;;;;67.188 
;;;71 a 80;3 ;247 ;2 ;7 ;3 ;31.929 ;20 ;119 ;1 ;;;;;;32.331 
;;;81 a 90;;22 ;;2 ;;10.486 ;5 ;27 ;;;;;;;10.542 
;;;91 a 100;;6 ;;;;2.315 ;1 ;3 ;;;;;;;2.325 
;;;101 a 120;;;;;;209 ;;;1 ;;;;;;210 
;;;Total;2.489 ;71.123 ;75 ;2.069 ;172 ;652.173 ;182 ;4.460 ;90 ;;1 ;;;;732.834 
;;Total;;9.093 ;364.418 ;4.470 ;79.191 ;15.165 ;1.196.613 ;6.564 ;79.426 ;9.448 ;;11 ;3 ;;;1.764.402 
;Goiás;Masculino;18 a 21;1.216 ;48.494 ;226 ;131 ;20 ;16.266 ;41 ;12 ;1 ;;;;;;66.407 
;;;22 a 25;3.468 ;91.807 ;436 ;3.993 ;727 ;27.819 ;67 ;328 ;67 ;;;;;;128.712 
;;;26 a 30;6.729 ;141.389 ;670 ;12.615 ;3.394 ;38.754 ;88 ;966 ;232 ;;;;;;204.837 
;;;31 a 40;18.280 ;270.758 ;2.628 ;53.550 ;21.905 ;72.065 ;341 ;4.985 ;1.729 ;;1 ;;;;446.242 
;;;41 a 50;15.159 ;199.010 ;6.511 ;58.651 ;28.527 ;82.882 ;2.454 ;13.179 ;7.011 ;;;;;;413.384 
;;;51 a 60;10.439 ;114.171 ;11.379 ;39.483 ;15.407 ;78.572 ;6.333 ;19.942 ;7.898 ;;;;;;303.624 
;;;61 a 70;5.170 ;52.742 ;8.654 ;17.089 ;5.843 ;74.674 ;11.746 ;19.451 ;7.020 ;;;;;;202.389 
;;;71 a 80;1.807 ;19.434 ;2.060 ;3.694 ;819 ;58.428 ;6.787 ;9.655 ;2.216 ;;;;;;104.900 
;;;81 a 90;499 ;5.034 ;478 ;751 ;51 ;29.068 ;3.124 ;4.091 ;372 ;;;;;;43.468 
;;;91 a 100;69 ;822 ;40 ;78 ;3 ;10.675 ;590 ;836 ;43 ;;;;;;13.156 
;;;101 a 120;2 ;48 ;3 ;3 ;;1.753 ;31 ;47 ;3 ;;;;;;1.890 
;;;Total;62.838 ;943.709 ;33.085 ;190.038 ;76.696 ;490.956 ;31.602 ;73.492 ;26.592 ;;1 ;;;;1.929.009 
;;Feminino;18 a 21;742 ;20.361 ;4 ;6 ;;19.531 ;1 ;;;;;;;;40.645 
;;;22 a 25;2.153 ;44.726 ;10 ;118 ;9 ;38.837 ;3 ;24 ;;;;;;;85.880 
;;;26 a 30;4.705 ;78.073 ;16 ;590 ;54 ;60.667 ;1 ;68 ;4 ;;;;;;144.178 
;;;31 a 40;14.449 ;163.801 ;68 ;2.753 ;383 ;132.665 ;30 ;543 ;33 ;;;;;;314.725 
;;;41 a 50;14.696 ;107.200 ;101 ;2.562 ;435 ;141.436 ;50 ;1.032 ;95 ;;;;;;267.607 
;;;51 a 60;7.535 ;38.643 ;141 ;887 ;144 ;109.643 ;153 ;914 ;71 ;;;;;;158.131 
;;;61 a 70;1.714 ;7.326 ;52 ;156 ;32 ;69.793 ;143 ;439 ;22 ;;;;;;79.677 
;;;71 a 80;191 ;810 ;10 ;25 ;4 ;29.847 ;73 ;70 ;7 ;;1 ;;;;31.038 
;;;81 a 90;13 ;45 ;2 ;2 ;;7.897 ;13 ;23 ;1 ;;;;;;7.996 
;;;91 a 100;;4 ;;;;1.403 ;;2 ;;;;;;;1.409 
;;;101 a 120;;1 ;;;;90 ;;;;;;;;;91 
;;;Total;46.198 ;460.990 ;404 ;7.099 ;1.061 ;611.809 ;467 ;3.115 ;233 ;;1 ;;;;1.131.377 
;;Total;;109.036 ;1.404.699 ;33.489 ;197.137 ;77.757 ;1.102.765 ;32.069 ;76.607 ;26.825 ;;2 ;;;;3.060.386 
;Mato Grosso do Sul;Masculino;18 a 21;860 ;20.196 ;200 ;100 ;11 ;5.304 ;21 ;6 ;1 ;;;;;;26.699 
;;;22 a 25;2.300 ;35.467 ;534 ;2.273 ;523 ;8.911 ;64 ;148 ;33 ;;2 ;;;;50.255 
;;;26 a 30;4.298 ;53.075 ;1.509 ;6.969 ;2.815 ;12.867 ;86 ;433 ;134 ;;;;;;82.186 
;;;31 a 40;6.770 ;101.537 ;4.557 ;27.517 ;15.935 ;21.996 ;294 ;1.667 ;563 ;;2 ;;;;180.838 
;;;41 a 50;4.238 ;77.391 ;6.784 ;29.409 ;20.392 ;22.767 ;1.330 ;3.646 ;2.405 ;;1 ;;;;168.363 
;;;51 a 60;2.860 ;46.796 ;9.589 ;16.250 ;10.818 ;26.281 ;4.558 ;5.174 ;3.746 ;;3 ;;;;126.075 
;;;61 a 70;1.200 ;20.833 ;7.541 ;6.220 ;3.558 ;28.394 ;10.142 ;6.131 ;4.005 ;1 ;;;;;88.025 
;;;71 a 80;348 ;6.498 ;1.501 ;1.047 ;410 ;25.784 ;6.811 ;3.216 ;1.254 ;;;;;;46.869 
;;;81 a 90;74 ;1.102 ;285 ;105 ;12 ;14.102 ;4.011 ;896 ;200 ;;;;;;20.787 
;;;91 a 100;9 ;118 ;40 ;1 ;1 ;5.629 ;1.449 ;98 ;11 ;;;;;;7.356 
;;;101 a 120;;13 ;;;;1.231 ;129 ;3 ;;;;;;;1.376 
;;;Mais de 120;;;;;;1 ;;;;;;;;;1 
;;;Total;22.957 ;363.026 ;32.540 ;89.891 ;54.475 ;173.267 ;28.895 ;21.418 ;12.352 ;1 ;8 ;;;;798.830 
;;Feminino;18 a 21;522 ;9.136 ;7 ;5 ;;5.974 ;3 ;;1 ;;;;;;15.648 
;;;22 a 25;1.516 ;18.674 ;19 ;100 ;14 ;12.406 ;3 ;14 ;2 ;;;;;;32.748 
;;;26 a 30;3.771 ;32.781 ;63 ;471 ;58 ;19.963 ;10 ;48 ;3 ;;;;;;57.168 
;;;31 a 40;9.193 ;77.705 ;153 ;2.075 ;422 ;40.383 ;26 ;247 ;20 ;;3 ;;;;130.227 
;;;41 a 50;8.368 ;56.842 ;158 ;2.003 ;415 ;45.109 ;45 ;507 ;52 ;1 ;;;;;113.500 
;;;51 a 60;4.595 ;23.613 ;194 ;710 ;122 ;40.829 ;193 ;426 ;39 ;1 ;;;;;70.722 
;;;61 a 70;1.155 ;5.523 ;76 ;122 ;20 ;31.269 ;197 ;230 ;19 ;;;;;;38.611 
;;;71 a 80;96 ;553 ;11 ;12 ;1 ;13.970 ;75 ;41 ;3 ;;;;;;14.762 
;;;81 a 90;3 ;20 ;1 ;;;4.116 ;18 ;8 ;;;;;;;4.166 
;;;91 a 100;;;;;;854 ;4 ;;;;;;;;858 
;;;101 a 120;;1 ;;;;70 ;;;;;;;;;71 
;;;Total;29.219 ;224.848 ;682 ;5.498 ;1.052 ;214.943 ;574 ;1.521 ;139 ;2 ;3 ;;;;478.481 
;;Total;;52.176 ;587.874 ;33.222 ;95.389 ;55.527 ;388.210 ;29.469 ;22.939 ;12.491 ;3 ;11 ;;;;1.277.311 
;Mato Grosso;Masculino;18 a 21;290 ;26.072 ;68 ;54 ;1 ;4.622 ;10 ;3 ;1 ;;;;;;31.121 
;;;22 a 25;998 ;50.886 ;383 ;2.691 ;809 ;7.239 ;28 ;94 ;27 ;;;1 ;;;63.156 
;;;26 a 30;1.642 ;82.401 ;937 ;9.131 ;4.065 ;10.427 ;55 ;334 ;120 ;;;1 ;;;109.113 
;;;31 a 40;2.976 ;155.300 ;2.906 ;38.609 ;22.362 ;20.805 ;169 ;1.458 ;822 ;;;1 ;;;245.408 
;;;41 a 50;2.530 ;114.847 ;7.115 ;40.187 ;28.550 ;24.720 ;1.233 ;3.654 ;3.483 ;;;;;;226.319 
;;;51 a 60;2.032 ;69.945 ;15.119 ;21.086 ;17.985 ;25.259 ;4.557 ;5.285 ;5.796 ;;1 ;;;;167.065 
;;;61 a 70;1.084 ;31.489 ;9.411 ;7.724 ;6.827 ;28.713 ;8.927 ;6.160 ;6.377 ;;;;;;106.712 
;;;71 a 80;407 ;9.689 ;1.759 ;1.443 ;835 ;24.378 ;5.193 ;3.487 ;2.016 ;;1 ;;;;49.208 
;;;81 a 90;125 ;1.659 ;395 ;213 ;58 ;11.858 ;2.478 ;1.186 ;313 ;;;;;;18.285 
;;;91 a 100;12 ;173 ;33 ;10 ;;4.079 ;477 ;157 ;31 ;;;;;;4.972 
;;;101 a 120;1 ;4 ;2 ;;;594 ;16 ;2 ;1 ;;;;;;620 
;;;Total;12.097 ;542.465 ;38.128 ;121.148 ;81.492 ;162.694 ;23.143 ;21.820 ;18.987 ;;2 ;3 ;;;1.021.979 
;;Feminino;18 a 21;220 ;11.856 ;;1 ;;4.706 ;;1 ;;;;;;;16.784 
;;;22 a 25;751 ;25.239 ;9 ;71 ;5 ;9.425 ;2 ;7 ;;;;;;;35.509 
;;;26 a 30;1.588 ;47.590 ;25 ;348 ;69 ;15.873 ;1 ;29 ;10 ;;;;;;65.533 
;;;31 a 40;3.649 ;109.795 ;102 ;1.810 ;346 ;38.045 ;12 ;161 ;22 ;;1 ;;;;153.943 
;;;41 a 50;3.437 ;78.539 ;141 ;1.772 ;414 ;44.697 ;54 ;332 ;61 ;;2 ;;;;129.449 
;;;51 a 60;1.960 ;33.424 ;264 ;667 ;201 ;38.219 ;210 ;336 ;59 ;;;;;;75.340 
;;;61 a 70;554 ;7.882 ;117 ;121 ;44 ;26.127 ;185 ;186 ;34 ;;;;;;35.250 
;;;71 a 80;97 ;773 ;18 ;6 ;3 ;9.922 ;61 ;41 ;7 ;;;;;;10.928 
;;;81 a 90;6 ;46 ;2 ;1 ;;2.157 ;17 ;7 ;2 ;;;;;;2.238 
;;;91 a 100;;1 ;;;;323 ;3 ;1 ;;;;;;;328 
;;;101 a 120;;;;;;21 ;;;;;;;;;21 
;;;Total;12.262 ;315.145 ;678 ;4.797 ;1.082 ;189.515 ;545 ;1.101 ;195 ;;3 ;;;;525.323 
;;Total;;24.359 ;857.610 ;38.806 ;125.945 ;82.574 ;352.209 ;23.688 ;22.921 ;19.182 ;;5 ;3 ;;;1.547.302 
;Total;;;194.664 ;3.214.601 ;109.987 ;497.662 ;231.023 ;3.039.797 ;91.790 ;201.893 ;67.946 ;3 ;29 ;6 ;;;7.649.401 
Nordeste;Alagoas;Masculino;18 a 21;586 ;11.894 ;45 ;25 ;;2.854 ;3 ;;;;;;;;15.407 
;;;22 a 25;2.055 ;26.232 ;105 ;1.557 ;140 ;6.021 ;3 ;91 ;11 ;;;;;;36.215 
;;;26 a 30;3.753 ;37.162 ;149 ;4.598 ;717 ;11.334 ;12 ;427 ;73 ;;;;;;58.225 
;;;31 a 40;6.653 ;66.023 ;429 ;14.843 ;3.414 ;27.662 ;70 ;2.698 ;736 ;4 ;;;;;122.532 
;;;41 a 50;5.344 ;46.170 ;836 ;14.219 ;3.589 ;30.925 ;427 ;5.835 ;1.810 ;11 ;4 ;;;;109.170 
;;;51 a 60;3.280 ;23.505 ;1.588 ;6.702 ;1.651 ;28.208 ;1.480 ;6.009 ;2.076 ;6 ;;;;;74.505 
;;;61 a 70;1.357 ;9.878 ;704 ;2.712 ;647 ;26.155 ;1.754 ;6.130 ;1.902 ;4 ;;;;;51.243 
;;;71 a 80;439 ;2.904 ;149 ;560 ;114 ;17.925 ;1.127 ;3.046 ;695 ;2 ;;;;;26.961 
;;;81 a 90;114 ;581 ;50 ;88 ;23 ;7.430 ;648 ;913 ;133 ;;;;;;9.980 
;;;91 a 100;15 ;91 ;4 ;13 ;1 ;2.399 ;149 ;116 ;12 ;;;;;;2.800 
;;;101 a 120;;9 ;2 ;;;316 ;11 ;3 ;;;;;;;341 
;;;Total;23.596 ;224.449 ;4.061 ;45.317 ;10.296 ;161.229 ;5.684 ;25.268 ;7.448 ;27 ;4 ;;;;507.379 
;;Feminino;18 a 21;102 ;2.598 ;1 ;1 ;;2.577 ;;;;;;;;;5.279 
;;;22 a 25;452 ;6.352 ;1 ;23 ;2 ;6.694 ;;;;;;;;;13.524 
;;;26 a 30;883 ;10.106 ;1 ;43 ;;13.794 ;1 ;7 ;;;1 ;;;;24.836 
;;;31 a 40;1.866 ;17.380 ;;197 ;16 ;36.174 ;3 ;77 ;1 ;4 ;;;;;55.718 
;;;41 a 50;1.097 ;8.835 ;10 ;193 ;14 ;32.697 ;6 ;169 ;3 ;1 ;;;;;43.025 
;;;51 a 60;328 ;2.354 ;15 ;55 ;8 ;20.490 ;32 ;135 ;6 ;2 ;;;;;23.425 
;;;61 a 70;51 ;419 ;4 ;14 ;;13.160 ;18 ;68 ;2 ;1 ;1 ;;;;13.738 
;;;71 a 80;4 ;57 ;;;;6.067 ;5 ;17 ;;;;;;;6.150 
;;;81 a 90;;6 ;;;;1.769 ;3 ;3 ;;;;;;;1.781 
;;;91 a 100;;;;;;394 ;;;;;;;;;394 
;;;101 a 120;;;;;;13 ;;;;;;;;;13 
;;;Total;4.783 ;48.107 ;32 ;526 ;40 ;133.829 ;68 ;476 ;12 ;8 ;2 ;;;;187.883 
;;Total;;28.379 ;272.556 ;4.093 ;45.843 ;10.336 ;295.058 ;5.752 ;25.744 ;7.460 ;35 ;6 ;;;;695.262 
;Bahia;Masculino;18 a 21;847 ;43.430 ;79 ;150 ;3 ;10.078 ;6 ;6 ;1 ;;1 ;;;;54.601 
;;;22 a 25;3.242 ;103.381 ;254 ;5.564 ;458 ;20.763 ;28 ;324 ;24 ;;;;;;134.038 
;;;26 a 30;6.637 ;160.845 ;291 ;19.281 ;2.713 ;38.674 ;27 ;1.584 ;247 ;2 ;1 ;;;;230.302 
;;;31 a 40;15.859 ;341.972 ;1.013 ;80.452 ;16.439 ;110.289 ;168 ;12.555 ;2.550 ;;2 ;;;;581.299 
;;;41 a 50;13.921 ;267.161 ;3.277 ;71.961 ;16.629 ;159.262 ;2.683 ;36.783 ;8.629 ;;7 ;;;;580.313 
;;;51 a 60;8.371 ;127.267 ;6.086 ;30.757 ;6.656 ;144.990 ;7.242 ;38.275 ;7.284 ;;5 ;;;;376.933 
;;;61 a 70;3.406 ;49.621 ;3.865 ;11.242 ;2.430 ;132.568 ;10.826 ;33.360 ;5.412 ;;3 ;;;;252.733 
;;;71 a 80;838 ;12.392 ;688 ;1.871 ;338 ;88.912 ;5.530 ;15.801 ;1.783 ;;3 ;;;;128.156 
;;;81 a 90;154 ;1.938 ;142 ;273 ;33 ;37.523 ;2.195 ;5.004 ;336 ;;;;;;47.598 
;;;91 a 100;13 ;164 ;10 ;23 ;4 ;11.785 ;404 ;618 ;37 ;;;;;;13.058 
;;;101 a 120;1 ;16 ;;;;1.333 ;15 ;15 ;;;;;;;1.380 
;;;Total;53.289 ;1.108.187 ;15.705 ;221.574 ;45.703 ;756.177 ;29.124 ;144.325 ;26.303 ;2 ;22 ;;;;2.400.411 
;;Feminino;18 a 21;196 ;11.600 ;1 ;;;7.869 ;;;;;;;;;19.666 
;;;22 a 25;717 ;31.399 ;1 ;80 ;1 ;19.323 ;;3 ;;;;;;;51.524 
;;;26 a 30;1.968 ;57.073 ;;235 ;12 ;40.254 ;1 ;37 ;2 ;;1 ;;;;99.583 
;;;31 a 40;6.342 ;134.879 ;7 ;1.229 ;100 ;127.793 ;6 ;349 ;13 ;2 ;2 ;;;;270.722 
;;;41 a 50;5.375 ;89.416 ;37 ;1.272 ;118 ;152.117 ;48 ;1.009 ;41 ;2 ;5 ;;;;249.440 
;;;51 a 60;2.202 ;28.073 ;61 ;437 ;31 ;102.761 ;179 ;897 ;23 ;1 ;;;;;134.665 
;;;61 a 70;437 ;4.983 ;33 ;104 ;10 ;67.730 ;156 ;510 ;17 ;;;;;;73.980 
;;;71 a 80;27 ;444 ;7 ;12 ;;30.271 ;51 ;136 ;3 ;;;;;;30.951 
;;;81 a 90;;27 ;;2 ;;9.019 ;14 ;20 ;1 ;;;;;;9.083 
;;;91 a 100;;;;;;1.700 ;2 ;3 ;;;;;;;1.705 
;;;101 a 120;;;;;;89 ;;;;;;;;;89 
;;;Total;17.264 ;357.894 ;147 ;3.371 ;272 ;558.926 ;457 ;2.964 ;100 ;5 ;8 ;;;;941.408 
;;Total;;70.553 ;1.466.081 ;15.852 ;224.945 ;45.975 ;1.315.103 ;29.581 ;147.289 ;26.403 ;7 ;30 ;;;;3.341.819 
;Ceará;Masculino;18 a 21;5.858 ;32.433 ;78 ;103 ;4 ;9.806 ;8 ;7 ;;;;;;;48.297 
;;;22 a 25;15.696 ;73.171 ;177 ;2.964 ;211 ;19.497 ;29 ;188 ;16 ;;2 ;;;;111.951 
;;;26 a 30;27.301 ;129.256 ;299 ;11.041 ;1.137 ;33.455 ;35 ;704 ;84 ;;3 ;;;;203.315 
;;;31 a 40;51.375 ;260.821 ;831 ;47.226 ;6.905 ;75.884 ;122 ;4.040 ;601 ;;14 ;1 ;;;447.820 
;;;41 a 50;35.580 ;177.933 ;2.350 ;46.425 ;8.231 ;75.040 ;710 ;9.023 ;1.581 ;3 ;12 ;;;;356.888 
;;;51 a 60;21.309 ;95.313 ;4.338 ;22.945 ;4.163 ;64.601 ;2.595 ;10.589 ;1.946 ;1 ;13 ;;;;227.813 
;;;61 a 70;7.944 ;43.712 ;3.081 ;8.138 ;1.718 ;59.481 ;4.048 ;9.092 ;1.882 ;6 ;11 ;;;;139.113 
;;;71 a 80;2.220 ;14.457 ;794 ;1.346 ;293 ;45.094 ;2.469 ;3.907 ;757 ;1 ;4 ;;;;71.342 
;;;81 a 90;536 ;3.048 ;205 ;184 ;27 ;21.613 ;1.199 ;1.296 ;189 ;;;;;;28.297 
;;;91 a 100;68 ;410 ;18 ;7 ;2 ;7.461 ;219 ;145 ;22 ;;;;;;8.352 
;;;101 a 120;7 ;51 ;;;;837 ;10 ;4 ;;;;;;;909 
;;;Mais de 120;;;;;;1 ;;;;;;;;;1 
;;;Total;167.894 ;830.605 ;12.171 ;140.379 ;22.691 ;412.770 ;11.444 ;38.995 ;7.078 ;11 ;59 ;1 ;;;1.644.098 
;;Feminino;18 a 21;2.389 ;8.923 ;;1 ;;10.365 ;;1 ;;;;;;;21.679 
;;;22 a 25;7.512 ;22.050 ;1 ;26 ;2 ;25.315 ;;8 ;;;2 ;;;;54.916 
;;;26 a 30;15.603 ;44.433 ;;129 ;4 ;50.101 ;;27 ;;;4 ;;;;110.301 
;;;31 a 40;36.458 ;92.515 ;11 ;781 ;36 ;128.934 ;2 ;201 ;9 ;1 ;6 ;;;;258.954 
;;;41 a 50;22.859 ;51.538 ;22 ;693 ;37 ;113.683 ;15 ;423 ;9 ;;10 ;;;;189.289 
;;;51 a 60;7.766 ;16.836 ;40 ;269 ;22 ;74.666 ;57 ;431 ;10 ;1 ;2 ;;;;100.100 
;;;61 a 70;1.300 ;3.563 ;22 ;71 ;2 ;48.349 ;57 ;235 ;3 ;1 ;5 ;;;;53.608 
;;;71 a 80;128 ;431 ;2 ;5 ;1 ;23.115 ;25 ;48 ;4 ;;;;;;23.759 
;;;81 a 90;5 ;28 ;1 ;2 ;;7.368 ;11 ;7 ;;;;;;;7.422 
;;;91 a 100;;3 ;;;;1.442 ;;1 ;;;;;;;1.446 
;;;101 a 120;;;;;;79 ;;;;;;;;;79 
;;;Total;94.020 ;240.320 ;99 ;1.977 ;104 ;483.417 ;167 ;1.382 ;35 ;3 ;29 ;;;;821.553 
;;Total;;261.914 ;1.070.925 ;12.270 ;142.356 ;22.795 ;896.187 ;11.611 ;40.377 ;7.113 ;14 ;88 ;1 ;;;2.465.651 
;Maranhão;Masculino;18 a 21;672 ;12.380 ;;38 ;;3.816 ;;1 ;;;;;;;16.907 
;;;22 a 25;3.254 ;30.218 ;5 ;1.513 ;119 ;8.970 ;1 ;131 ;4 ;;;;;;44.215 
;;;26 a 30;6.701 ;50.771 ;42 ;6.479 ;867 ;16.762 ;7 ;694 ;82 ;;1 ;;;;82.406 
;;;31 a 40;13.984 ;104.395 ;310 ;30.664 ;6.416 ;40.835 ;60 ;5.607 ;804 ;;;;;;203.075 
;;;41 a 50;9.991 ;71.597 ;2.235 ;26.285 ;6.841 ;39.249 ;1.006 ;9.267 ;1.866 ;;1 ;;;;168.338 
;;;51 a 60;5.397 ;32.020 ;4.018 ;12.121 ;2.753 ;29.381 ;3.689 ;10.226 ;1.915 ;;;;;;101.520 
;;;61 a 70;2.155 ;12.519 ;2.437 ;5.036 ;957 ;23.263 ;4.480 ;10.816 ;1.386 ;;;;;;63.049 
;;;71 a 80;552 ;3.359 ;587 ;925 ;111 ;15.647 ;3.172 ;4.955 ;448 ;;;;;;29.756 
;;;81 a 90;113 ;452 ;133 ;109 ;12 ;5.914 ;2.122 ;1.499 ;75 ;;;;;;10.429 
;;;91 a 100;14 ;45 ;28 ;13 ;1 ;1.820 ;782 ;252 ;9 ;;;;;;2.964 
;;;101 a 120;;4 ;;;;325 ;87 ;11 ;1 ;;;;;;428 
;;;Total;42.833 ;317.760 ;9.795 ;83.183 ;18.077 ;185.982 ;15.406 ;43.459 ;6.590 ;;2 ;;;;723.087 
;;Feminino;18 a 21;302 ;3.352 ;;;;3.051 ;;;;;;;;;6.705 
;;;22 a 25;1.418 ;8.815 ;;17 ;;7.425 ;;7 ;;;1 ;;;;17.683 
;;;26 a 30;3.415 ;17.047 ;;109 ;2 ;16.438 ;;26 ;1 ;;;;;;37.038 
;;;31 a 40;8.088 ;37.042 ;2 ;477 ;47 ;46.065 ;;148 ;8 ;;;;;;91.877 
;;;41 a 50;5.436 ;22.594 ;28 ;414 ;44 ;41.641 ;15 ;243 ;12 ;;;;;;70.427 
;;;51 a 60;1.912 ;7.414 ;74 ;131 ;16 ;26.311 ;61 ;206 ;12 ;;;;;;36.137 
;;;61 a 70;318 ;1.613 ;42 ;33 ;7 ;15.315 ;78 ;120 ;6 ;;;;;;17.532 
;;;71 a 80;27 ;173 ;5 ;1 ;;6.264 ;25 ;23 ;2 ;;;;;;6.520 
;;;81 a 90;1 ;14 ;;2 ;;1.655 ;10 ;5 ;;;;;;;1.687 
;;;91 a 100;;;;;;320 ;;;;;;;;;320 
;;;101 a 120;;;;;;30 ;;;;;;;;;30 
;;;Total;20.917 ;98.064 ;151 ;1.184 ;116 ;164.515 ;189 ;778 ;41 ;;1 ;;;;285.956 
;;Total;;63.750 ;415.824 ;9.946 ;84.367 ;18.193 ;350.497 ;15.595 ;44.237 ;6.631 ;;3 ;;;;1.009.043 
;Paraíba;Masculino;18 a 21;210 ;11.585 ;42 ;29 ;1 ;3.556 ;1 ;;;;;;;;15.424 
;;;22 a 25;1.168 ;29.268 ;139 ;1.245 ;94 ;7.402 ;12 ;61 ;7 ;1 ;1 ;;;;39.398 
;;;26 a 30;2.796 ;48.071 ;129 ;4.052 ;501 ;12.825 ;7 ;289 ;35 ;;;;;;68.705 
;;;31 a 40;8.331 ;103.770 ;1.120 ;17.692 ;3.382 ;29.950 ;121 ;1.723 ;376 ;7 ;1 ;;;;166.473 
;;;41 a 50;6.930 ;76.170 ;2.280 ;18.928 ;4.523 ;34.943 ;788 ;5.040 ;1.358 ;3 ;1 ;;;;150.964 
;;;51 a 60;4.336 ;41.475 ;3.570 ;9.749 ;2.490 ;33.449 ;2.951 ;6.512 ;1.720 ;8 ;1 ;;;;106.261 
;;;61 a 70;1.915 ;19.080 ;1.553 ;4.317 ;937 ;34.579 ;3.021 ;8.000 ;1.341 ;3 ;1 ;;;;74.747 
;;;71 a 80;661 ;6.181 ;426 ;943 ;167 ;26.726 ;1.962 ;4.759 ;548 ;1 ;2 ;;;;42.376 
;;;81 a 90;231 ;1.338 ;136 ;178 ;25 ;12.924 ;1.270 ;2.178 ;158 ;;;;;;18.438 
;;;91 a 100;23 ;172 ;18 ;12 ;2 ;4.349 ;392 ;474 ;24 ;;;;;;5.466 
;;;101 a 120;;14 ;;1 ;1 ;701 ;35 ;26 ;1 ;;;;;;779 
;;;Total;26.601 ;337.124 ;9.413 ;57.146 ;12.123 ;201.404 ;10.560 ;29.062 ;5.568 ;23 ;7 ;;;;689.031 
;;Feminino;18 a 21;62 ;2.707 ;;;;3.384 ;;;;;;;;;6.153 
;;;22 a 25;354 ;7.777 ;;5 ;;8.715 ;;1 ;;;;;;;16.852 
;;;26 a 30;1.059 ;14.206 ;1 ;31 ;2 ;17.171 ;;6 ;;;2 ;;;;32.478 
;;;31 a 40;3.294 ;31.245 ;9 ;199 ;20 ;45.629 ;4 ;76 ;2 ;4 ;4 ;;1 ;;80.487 
;;;41 a 50;2.370 ;17.832 ;19 ;253 ;18 ;44.268 ;8 ;200 ;6 ;6 ;2 ;;;;64.982 
;;;51 a 60;836 ;5.585 ;26 ;111 ;17 ;30.785 ;29 ;183 ;7 ;1 ;;;;;37.580 
;;;61 a 70;125 ;1.156 ;4 ;30 ;2 ;21.764 ;40 ;95 ;4 ;;;;;;23.220 
;;;71 a 80;11 ;134 ;2 ;5 ;1 ;10.493 ;17 ;27 ;1 ;1 ;1 ;;;;10.693 
;;;81 a 90;1 ;15 ;;;;3.278 ;2 ;5 ;;;;;;;3.301 
;;;91 a 100;;;;;;629 ;;2 ;;;;;;;631 
;;;101 a 120;;;;;;31 ;;;;;;;;;31 
;;;Total;8.112 ;80.657 ;61 ;634 ;60 ;186.147 ;100 ;595 ;20 ;12 ;9 ;;1 ;;276.408 
;;Total;;34.713 ;417.781 ;9.474 ;57.780 ;12.183 ;387.551 ;10.660 ;29.657 ;5.588 ;35 ;16 ;;1 ;;965.439 
;Pernambuco;Masculino;18 a 21;2.405 ;29.673 ;185 ;81 ;3 ;9.252 ;8 ;8 ;1 ;2 ;1 ;;;;41.619 
;;;22 a 25;8.208 ;67.707 ;694 ;3.684 ;452 ;20.475 ;65 ;237 ;45 ;11 ;;;;;101.578 
;;;26 a 30;10.310 ;113.420 ;1.275 ;13.892 ;2.647 ;32.451 ;70 ;738 ;133 ;11 ;3 ;;;;174.950 
;;;31 a 40;12.733 ;251.563 ;3.696 ;74.482 ;21.306 ;63.670 ;196 ;3.007 ;728 ;35 ;24 ;;;;431.440 
;;;41 a 50;8.396 ;182.872 ;4.764 ;80.021 ;25.677 ;82.048 ;1.102 ;11.801 ;3.796 ;54 ;17 ;;2 ;;400.550 
;;;51 a 60;5.056 ;90.158 ;5.237 ;36.907 ;9.539 ;84.207 ;4.191 ;18.367 ;5.117 ;73 ;13 ;;2 ;2 ;258.869 
;;;61 a 70;1.967 ;36.512 ;2.241 ;12.722 ;2.657 ;85.776 ;4.235 ;21.170 ;4.005 ;67 ;16 ;;;;171.368 
;;;71 a 80;565 ;10.494 ;547 ;2.158 ;379 ;64.798 ;2.773 ;10.589 ;1.297 ;13 ;8 ;;;;93.621 
;;;81 a 90;159 ;1.923 ;148 ;284 ;32 ;32.542 ;1.352 ;3.599 ;262 ;2 ;1 ;;;;40.304 
;;;91 a 100;22 ;217 ;10 ;19 ;2 ;12.059 ;255 ;506 ;19 ;;;;;;13.109 
;;;101 a 120;1 ;14 ;;;;1.676 ;20 ;17 ;;;;;;;1.728 
;;;Mais de 120;;;;;;1 ;;;;;;;;;1 
;;;Total;49.822 ;784.553 ;18.797 ;224.250 ;62.694 ;488.955 ;14.267 ;70.039 ;15.403 ;268 ;83 ;;4 ;2 ;1.729.137 
;;Feminino;18 a 21;291 ;5.091 ;;;;7.042 ;;;;;;;;;12.424 
;;;22 a 25;1.378 ;13.276 ;2 ;24 ;;18.539 ;1 ;4 ;;3 ;;;;;33.227 
;;;26 a 30;2.814 ;26.819 ;21 ;171 ;10 ;38.641 ;3 ;28 ;;12 ;5 ;;;;68.524 
;;;31 a 40;5.690 ;80.454 ;124 ;1.775 ;165 ;106.269 ;18 ;294 ;5 ;23 ;6 ;;;;194.823 
;;;41 a 50;3.180 ;54.350 ;133 ;1.894 ;200 ;112.812 ;48 ;826 ;32 ;20 ;13 ;;;;173.508 
;;;51 a 60;1.056 ;17.355 ;56 ;609 ;64 ;77.312 ;89 ;659 ;32 ;7 ;8 ;;;1 ;97.248 
;;;61 a 70;160 ;3.308 ;20 ;118 ;13 ;50.296 ;67 ;334 ;6 ;2 ;3 ;;;;54.327 
;;;71 a 80;12 ;314 ;5 ;8 ;3 ;24.136 ;22 ;59 ;1 ;1 ;;;;;24.561 
;;;81 a 90;;10 ;1 ;;;6.718 ;5 ;9 ;;;;;;;6.743 
;;;91 a 100;;;;;;904 ;;;;;;;;;904 
;;;101 a 120;;;;;;22 ;;;;;;;;;22 
;;;Total;14.581 ;200.977 ;362 ;4.599 ;455 ;442.691 ;253 ;2.213 ;76 ;68 ;35 ;;;1 ;666.311 
;;Total;;64.403 ;985.530 ;19.159 ;228.849 ;63.149 ;931.646 ;14.520 ;72.252 ;15.479 ;336 ;118 ;;4 ;3 ;2.395.448 
;Piauí;Masculino;18 a 21;117 ;10.715 ;52 ;22 ;5 ;1.789 ;5 ;;;;;;;;12.705 
;;;22 a 25;562 ;25.424 ;131 ;1.102 ;172 ;3.939 ;11 ;29 ;7 ;;;;;;31.377 
;;;26 a 30;1.422 ;40.632 ;119 ;3.693 ;584 ;6.262 ;4 ;109 ;36 ;;;;;;52.861 
;;;31 a 40;3.898 ;88.556 ;311 ;15.457 ;3.353 ;13.900 ;36 ;569 ;148 ;;;;;;126.228 
;;;41 a 50;4.313 ;64.778 ;1.315 ;16.330 ;3.343 ;16.226 ;416 ;2.320 ;653 ;;1 ;;;;109.695 
;;;51 a 60;3.546 ;33.395 ;1.809 ;9.082 ;1.503 ;16.765 ;1.244 ;4.198 ;788 ;;;;;;72.330 
;;;61 a 70;2.016 ;15.769 ;1.203 ;4.375 ;565 ;16.777 ;1.691 ;4.777 ;679 ;;;;;;47.852 
;;;71 a 80;737 ;5.033 ;378 ;1.115 ;122 ;12.431 ;1.057 ;2.821 ;253 ;;;;;;23.947 
;;;81 a 90;172 ;897 ;116 ;224 ;12 ;5.000 ;690 ;1.120 ;85 ;;;;;;8.316 
;;;91 a 100;22 ;107 ;10 ;18 ;;1.523 ;203 ;161 ;10 ;;;;;;2.054 
;;;101 a 120;2 ;10 ;;;;196 ;13 ;9 ;1 ;;;;;;231 
;;;Total;16.807 ;285.316 ;5.444 ;51.418 ;9.659 ;94.808 ;5.370 ;16.113 ;2.660 ;;1 ;;;;487.596 
;;Feminino;18 a 21;25 ;2.809 ;;;;1.978 ;;;;;;;;;4.812 
;;;22 a 25;247 ;7.741 ;;8 ;1 ;5.259 ;1 ;1 ;;;;;;;13.258 
;;;26 a 30;693 ;14.798 ;;41 ;2 ;9.829 ;;5 ;;;;;;;25.368 
;;;31 a 40;2.434 ;34.561 ;2 ;168 ;16 ;25.595 ;2 ;29 ;1 ;;;;;;62.808 
;;;41 a 50;2.212 ;20.731 ;16 ;168 ;13 ;24.599 ;6 ;60 ;4 ;;;;;;47.809 
;;;51 a 60;1.052 ;6.687 ;18 ;75 ;5 ;19.144 ;25 ;75 ;5 ;;;;;;27.086 
;;;61 a 70;233 ;1.453 ;15 ;32 ;2 ;13.108 ;35 ;64 ;4 ;;;;;;14.946 
;;;71 a 80;26 ;169 ;5 ;4 ;;5.549 ;16 ;19 ;1 ;;;;;;5.789 
;;;81 a 90;;14 ;;1 ;;1.313 ;3 ;3 ;;;;;;;1.334 
;;;91 a 100;;;;;;282 ;1 ;2 ;;;;;;;285 
;;;101 a 120;;;;;;9 ;;;;;;;;;9 
;;;Total;6.922 ;88.963 ;56 ;497 ;39 ;106.665 ;89 ;258 ;15 ;;;;;;203.504 
;;Total;;23.729 ;374.279 ;5.500 ;51.915 ;9.698 ;201.473 ;5.459 ;16.371 ;2.675 ;;1 ;;;;691.100 
;Rio Grande do Norte;Masculino;18 a 21;120 ;11.344 ;32 ;34 ;1 ;3.116 ;1 ;1 ;;;;;;;14.649 
;;;22 a 25;506 ;27.746 ;92 ;1.140 ;105 ;6.153 ;6 ;41 ;7 ;;;;;;35.796 
;;;26 a 30;1.137 ;47.158 ;174 ;4.149 ;586 ;10.894 ;9 ;151 ;25 ;1 ;1 ;;;;64.285 
;;;31 a 40;3.122 ;108.699 ;1.032 ;19.035 ;3.709 ;24.218 ;99 ;1.136 ;221 ;1 ;2 ;;;;161.274 
;;;41 a 50;3.688 ;79.620 ;2.700 ;18.985 ;4.754 ;28.763 ;678 ;3.467 ;805 ;8 ;3 ;;;;143.471 
;;;51 a 60;3.366 ;44.301 ;4.138 ;9.060 ;2.704 ;28.891 ;2.533 ;4.571 ;1.093 ;24 ;1 ;;;;100.682 
;;;61 a 70;1.909 ;21.163 ;1.917 ;3.773 ;1.020 ;28.675 ;2.834 ;4.778 ;969 ;18 ;2 ;;1 ;;67.059 
;;;71 a 80;773 ;6.568 ;552 ;755 ;160 ;21.039 ;1.561 ;2.467 ;342 ;2 ;2 ;;;;34.221 
;;;81 a 90;288 ;1.379 ;117 ;135 ;16 ;9.895 ;716 ;899 ;77 ;;;;;;13.522 
;;;91 a 100;30 ;175 ;10 ;8 ;;3.151 ;105 ;115 ;6 ;;;;;;3.600 
;;;101 a 120;3 ;15 ;;;;436 ;4 ;1 ;;;;;;;459 
;;;Mais de 120;;1 ;;;;;;;;;;;;;1 
;;;Total;14.942 ;348.169 ;10.764 ;57.074 ;13.055 ;165.231 ;8.546 ;17.627 ;3.545 ;54 ;11 ;;1 ;;639.019 
;;Feminino;18 a 21;39 ;3.019 ;;;;3.036 ;;;;;;;;;6.094 
;;;22 a 25;158 ;8.435 ;;14 ;1 ;7.615 ;;2 ;;;;;;;16.225 
;;;26 a 30;422 ;16.324 ;;42 ;1 ;15.521 ;;11 ;;3 ;2 ;;;;32.326 
;;;31 a 40;1.295 ;40.137 ;10 ;244 ;13 ;43.315 ;10 ;65 ;3 ;8 ;6 ;;;;85.106 
;;;41 a 50;1.365 ;25.765 ;39 ;276 ;20 ;42.693 ;22 ;186 ;2 ;14 ;1 ;;;;70.383 
;;;51 a 60;903 ;9.921 ;46 ;114 ;16 ;30.669 ;44 ;185 ;3 ;14 ;6 ;;;;41.921 
;;;61 a 70;253 ;2.331 ;15 ;34 ;3 ;21.397 ;41 ;98 ;4 ;1 ;1 ;;;;24.178 
;;;71 a 80;25 ;269 ;;5 ;;9.963 ;19 ;32 ;;;;;;;10.313 
;;;81 a 90;;18 ;1 ;;;2.733 ;5 ;3 ;;;;;;;2.760 
;;;91 a 100;;;;;;504 ;;1 ;;;;;;;505 
;;;101 a 120;;;;;;20 ;;;;;;;;;20 
;;;Total;4.460 ;106.219 ;111 ;729 ;54 ;177.466 ;141 ;583 ;12 ;40 ;16 ;;;;289.831 
;;Total;;19.402 ;454.388 ;10.875 ;57.803 ;13.109 ;342.697 ;8.687 ;18.210 ;3.557 ;94 ;27 ;;1 ;;928.850 
;Sergipe;Masculino;18 a 21;320 ;8.165 ;102 ;25 ;4 ;1.903 ;2 ;;1 ;;;;;;10.522 
;;;22 a 25;1.243 ;20.301 ;397 ;1.025 ;128 ;4.395 ;17 ;46 ;8 ;;;;;;27.560 
;;;26 a 30;2.513 ;33.041 ;668 ;3.698 ;779 ;7.585 ;36 ;219 ;30 ;;;;;;48.569 
;;;31 a 40;5.247 ;64.663 ;1.299 ;14.485 ;4.106 ;18.694 ;142 ;1.579 ;501 ;;;;;;110.716 
;;;41 a 50;4.725 ;44.443 ;1.145 ;13.170 ;3.877 ;23.860 ;518 ;4.555 ;1.458 ;2 ;1 ;;;;97.754 
;;;51 a 60;3.745 ;23.831 ;1.165 ;6.600 ;1.635 ;22.784 ;1.048 ;5.057 ;1.410 ;3 ;;;;;67.278 
;;;61 a 70;1.748 ;9.418 ;659 ;2.120 ;544 ;21.350 ;1.543 ;4.314 ;1.347 ;4 ;1 ;;;;43.048 
;;;71 a 80;545 ;2.501 ;148 ;385 ;74 ;14.667 ;927 ;2.311 ;457 ;6 ;2 ;;;;22.023 
;;;81 a 90;131 ;340 ;17 ;56 ;5 ;5.825 ;363 ;988 ;86 ;1 ;1 ;;;;7.813 
;;;91 a 100;12 ;24 ;1 ;5 ;;1.758 ;66 ;240 ;5 ;;;;;;2.111 
;;;101 a 120;;1 ;;;;230 ;4 ;11 ;;;;;;;246 
;;;Total;20.229 ;206.728 ;5.601 ;41.569 ;11.152 ;123.051 ;4.666 ;19.320 ;5.303 ;16 ;5 ;;;;437.640 
;;Feminino;18 a 21;56 ;1.980 ;1 ;1 ;;1.819 ;;;;;;;;;3.857 
;;;22 a 25;302 ;5.916 ;2 ;7 ;;4.763 ;;3 ;;;;;;;10.993 
;;;26 a 30;714 ;11.001 ;9 ;26 ;3 ;10.085 ;;8 ;;1 ;2 ;;;;21.849 
;;;31 a 40;1.672 ;22.326 ;16 ;189 ;18 ;29.242 ;6 ;66 ;2 ;;1 ;;;;53.538 
;;;41 a 50;1.273 ;11.995 ;18 ;184 ;12 ;29.891 ;6 ;147 ;3 ;1 ;2 ;;;;43.532 
;;;51 a 60;483 ;3.363 ;10 ;63 ;12 ;20.208 ;11 ;128 ;3 ;5 ;2 ;;;;24.288 
;;;61 a 70;93 ;527 ;3 ;15 ;3 ;12.527 ;14 ;45 ;3 ;5 ;2 ;;;;13.237 
;;;71 a 80;8 ;51 ;;1 ;;5.378 ;10 ;18 ;;;;;;;5.466 
;;;81 a 90;;5 ;;;;1.260 ;4 ;5 ;;;;;;;1.274 
;;;91 a 100;;;;;;220 ;;;;;;;;;220 
;;;101 a 120;;;;;;17 ;;;;;;;;;17 
;;;Total;4.601 ;57.164 ;59 ;486 ;48 ;115.410 ;51 ;420 ;11 ;12 ;9 ;;;;178.271 
;;Total;;24.830 ;263.892 ;5.660 ;42.055 ;11.200 ;238.461 ;4.717 ;19.740 ;5.314 ;28 ;14 ;;;;615.911 
;Total;;;591.673 ;5.721.256 ;92.829 ;935.913 ;206.638 ;4.958.673 ;106.582 ;413.877 ;80.220 ;549 ;303 ;1 ;6 ;3 ;13.108.523 
Norte;Acre;Masculino;18 a 21;771 ;5.984 ;18 ;15 ;1 ;673 ;;;;;;;;;7.462 
;;;22 a 25;1.813 ;11.228 ;32 ;548 ;51 ;1.077 ;2 ;6 ;;;;;;;14.757 
;;;26 a 30;3.255 ;15.916 ;26 ;1.437 ;210 ;1.551 ;1 ;34 ;7 ;;;;;;22.437 
;;;31 a 40;5.561 ;29.472 ;117 ;5.803 ;1.140 ;2.931 ;9 ;137 ;21 ;;;;;;45.191 
;;;41 a 50;3.842 ;23.315 ;569 ;6.297 ;1.377 ;3.309 ;100 ;399 ;114 ;2 ;;;;;39.324 
;;;51 a 60;1.967 ;12.238 ;1.728 ;2.958 ;763 ;2.884 ;214 ;367 ;101 ;1 ;;;;;23.221 
;;;61 a 70;675 ;5.220 ;928 ;1.484 ;312 ;3.251 ;464 ;640 ;162 ;1 ;;;;;13.137 
;;;71 a 80;157 ;1.722 ;255 ;327 ;46 ;2.468 ;270 ;332 ;60 ;;;;;;5.637 
;;;81 a 90;28 ;260 ;56 ;56 ;3 ;926 ;122 ;112 ;10 ;;;;;;1.573 
;;;91 a 100;6 ;18 ;16 ;13 ;3 ;254 ;43 ;17 ;;;;;;;370 
;;;101 a 120;1 ;;1 ;1 ;;30 ;2 ;;;;;;;;35 
;;;Total;18.076 ;105.373 ;3.746 ;18.939 ;3.906 ;19.354 ;1.227 ;2.044 ;475 ;4 ;;;;;173.144 
;;Feminino;18 a 21;688 ;2.671 ;;1 ;;867 ;;;;;;;;;4.227 
;;;22 a 25;1.595 ;5.911 ;;18 ;;1.678 ;;1 ;;;;;;;9.203 
;;;26 a 30;3.013 ;9.502 ;3 ;48 ;3 ;2.774 ;;2 ;;;;;;;15.345 
;;;31 a 40;6.665 ;18.567 ;1 ;186 ;12 ;5.928 ;1 ;19 ;;;;;;;31.379 
;;;41 a 50;4.776 ;11.589 ;7 ;174 ;18 ;6.737 ;4 ;33 ;1 ;1 ;;;;;23.340 
;;;51 a 60;1.412 ;4.260 ;28 ;43 ;7 ;5.203 ;5 ;26 ;2 ;1 ;;;;;10.987 
;;;61 a 70;242 ;1.113 ;14 ;5 ;;3.058 ;9 ;8 ;1 ;1 ;;;;;4.451 
;;;71 a 80;24 ;172 ;4 ;;;1.124 ;7 ;1 ;;;;;;;1.332 
;;;81 a 90;;20 ;;;;211 ;1 ;1 ;;;;;;;233 
;;;91 a 100;;;;;;26 ;;;;;;;;;26 
;;;Total;18.415 ;53.805 ;57 ;475 ;40 ;27.606 ;27 ;91 ;4 ;3 ;;;;;100.523 
;;Total;;36.491 ;159.178 ;3.803 ;19.414 ;3.946 ;46.960 ;1.254 ;2.135 ;479 ;7 ;;;;;273.667 
;Amazonas;Masculino;18 a 21;1.327 ;8.224 ;2 ;16 ;;6.376 ;;5 ;;;;;;;15.950 
;;;22 a 25;3.894 ;20.172 ;;1.010 ;89 ;13.501 ;;184 ;13 ;;1 ;;;;38.864 
;;;26 a 30;6.489 ;32.103 ;9 ;3.322 ;598 ;22.297 ;6 ;846 ;122 ;;;;;;65.792 
;;;31 a 40;12.818 ;63.847 ;61 ;12.884 ;3.222 ;46.068 ;24 ;3.924 ;1.015 ;;;;;;143.863 
;;;41 a 50;9.833 ;46.518 ;511 ;13.232 ;3.418 ;47.188 ;430 ;7.190 ;1.765 ;;1 ;;;;130.086 
;;;51 a 60;4.664 ;20.185 ;1.518 ;6.056 ;1.492 ;36.713 ;2.083 ;6.826 ;1.401 ;;;;;;80.938 
;;;61 a 70;1.519 ;8.062 ;1.288 ;2.626 ;560 ;25.304 ;2.667 ;5.604 ;862 ;;;1 ;;;48.493 
;;;71 a 80;329 ;2.761 ;374 ;551 ;83 ;13.137 ;1.491 ;2.021 ;245 ;;;;;;20.992 
;;;81 a 90;62 ;534 ;105 ;57 ;4 ;4.495 ;989 ;430 ;26 ;;;;;;6.702 
;;;91 a 100;11 ;61 ;15 ;4 ;;1.178 ;348 ;35 ;1 ;;;;;;1.653 
;;;101 a 120;1 ;7 ;1 ;;;119 ;28 ;1 ;;;;;;;157 
;;;Total;40.947 ;202.474 ;3.884 ;39.758 ;9.466 ;216.376 ;8.066 ;27.066 ;5.450 ;;2 ;1 ;;;553.490 
;;Feminino;18 a 21;347 ;2.073 ;;1 ;;5.468 ;;;;;;;;;7.889 
;;;22 a 25;1.244 ;5.533 ;;25 ;1 ;13.096 ;;7 ;;;;;;;19.906 
;;;26 a 30;2.249 ;9.853 ;;85 ;8 ;23.400 ;;55 ;2 ;;;;;;35.652 
;;;31 a 40;4.741 ;19.837 ;;502 ;46 ;54.398 ;3 ;297 ;15 ;;;;;;79.839 
;;;41 a 50;3.036 ;11.155 ;7 ;486 ;64 ;48.830 ;9 ;501 ;26 ;;;;;;64.114 
;;;51 a 60;1.226 ;3.240 ;26 ;131 ;19 ;27.494 ;36 ;294 ;14 ;;;;;;32.480 
;;;61 a 70;386 ;884 ;12 ;30 ;4 ;14.467 ;27 ;110 ;4 ;;;;;;15.924 
;;;71 a 80;64 ;165 ;6 ;4 ;1 ;5.717 ;9 ;14 ;;;;;;;5.980 
;;;81 a 90;9 ;19 ;;1 ;;1.245 ;3 ;1 ;;;;;;;1.278 
;;;91 a 100;;2 ;;;;205 ;;;;;;;;;207 
;;;101 a 120;;;;;;6 ;;;;;;;;;6 
;;;Total;13.302 ;52.761 ;51 ;1.265 ;143 ;194.326 ;87 ;1.279 ;61 ;;;;;;263.275 
;;Total;;54.249 ;255.235 ;3.935 ;41.023 ;9.609 ;410.702 ;8.153 ;28.345 ;5.511 ;;2 ;1 ;;;816.765 
;Amapá;Masculino;18 a 21;107 ;1.289 ;;;;1.094 ;;1 ;;;;;;;2.491 
;;;22 a 25;451 ;3.565 ;;86 ;5 ;2.473 ;;28 ;;;;;;;6.608 
;;;26 a 30;1.292 ;6.532 ;1 ;459 ;52 ;4.636 ;;123 ;12 ;;;;;;13.107 
;;;31 a 40;3.865 ;16.145 ;28 ;2.910 ;573 ;8.350 ;5 ;730 ;70 ;;;;;;32.676 
;;;41 a 50;2.461 ;13.657 ;436 ;4.082 ;920 ;7.627 ;146 ;1.032 ;128 ;;;;;;30.489 
;;;51 a 60;1.048 ;6.883 ;675 ;2.908 ;606 ;5.590 ;514 ;1.444 ;233 ;;;;;;19.901 
;;;61 a 70;288 ;2.644 ;382 ;1.240 ;372 ;4.027 ;605 ;1.489 ;284 ;;;;;;11.331 
;;;71 a 80;65 ;705 ;106 ;256 ;48 ;2.274 ;318 ;510 ;73 ;;;;;;4.355 
;;;81 a 90;5 ;107 ;27 ;43 ;5 ;710 ;226 ;189 ;20 ;;;;;;1.332 
;;;91 a 100;;10 ;5 ;4 ;;119 ;56 ;20 ;1 ;;;;;;215 
;;;101 a 120;;;1 ;1 ;;12 ;4 ;2 ;;;;;;;20 
;;;Total;9.582 ;51.537 ;1.661 ;11.989 ;2.581 ;36.912 ;1.874 ;5.568 ;821 ;;;;;;122.525 
;;Feminino;18 a 21;32 ;277 ;;;;724 ;;;;;;;;;1.033 
;;;22 a 25;130 ;772 ;;1 ;;1.743 ;;;;;;;;;2.646 
;;;26 a 30;386 ;1.892 ;;7 ;1 ;3.989 ;;4 ;;;;;;;6.279 
;;;31 a 40;1.414 ;5.446 ;;58 ;7 ;9.740 ;;19 ;1 ;;;;;;16.685 
;;;41 a 50;1.101 ;4.663 ;33 ;86 ;8 ;9.610 ;9 ;39 ;1 ;;;;;;15.550 
;;;51 a 60;338 ;1.986 ;38 ;76 ;7 ;6.131 ;21 ;29 ;;;;;;;8.626 
;;;61 a 70;68 ;511 ;11 ;16 ;;3.046 ;18 ;15 ;;;;;;;3.685 
;;;71 a 80;6 ;69 ;3 ;3 ;;1.023 ;4 ;5 ;;;;;;;1.113 
;;;81 a 90;;3 ;;;;166 ;2 ;1 ;;;;;;;172 
;;;91 a 100;;;;;;13 ;1 ;;;;;;;;14 
;;;Total;3.475 ;15.619 ;85 ;247 ;23 ;36.185 ;55 ;112 ;2 ;;;;;;55.803 
;;Total;;13.057 ;67.156 ;1.746 ;12.236 ;2.604 ;73.097 ;1.929 ;5.680 ;823 ;;;;;;178.328 
;Pará;Masculino;18 a 21;255 ;20.154 ;48 ;59 ;3 ;3.036 ;1 ;1 ;;;;;;;23.557 
;;;22 a 25;1.431 ;50.735 ;137 ;3.290 ;306 ;6.969 ;8 ;74 ;7 ;;;;;;62.957 
;;;26 a 30;2.774 ;91.229 ;289 ;14.088 ;2.455 ;12.192 ;10 ;237 ;37 ;;;;;;123.311 
;;;31 a 40;7.053 ;193.113 ;950 ;57.277 ;15.381 ;30.231 ;61 ;2.187 ;485 ;;;;;;306.738 
;;;41 a 50;7.547 ;149.927 ;2.865 ;52.905 ;16.729 ;40.767 ;832 ;7.739 ;2.221 ;;;;;;281.532 
;;;51 a 60;5.326 ;76.264 ;5.696 ;24.488 ;7.672 ;39.714 ;3.038 ;10.390 ;2.687 ;;;;;;175.275 
;;;61 a 70;2.535 ;31.215 ;3.586 ;8.803 ;2.718 ;39.364 ;4.754 ;10.029 ;2.409 ;;;;;;105.413 
;;;71 a 80;818 ;9.062 ;831 ;1.402 ;345 ;27.638 ;2.849 ;4.317 ;661 ;;;;;;47.923 
;;;81 a 90;164 ;1.563 ;123 ;198 ;11 ;12.032 ;849 ;1.683 ;112 ;;;;;;16.735 
;;;91 a 100;20 ;224 ;7 ;19 ;;3.844 ;104 ;194 ;10 ;;;;;;4.422 
;;;101 a 120;2 ;9 ;;;;448 ;;2 ;;;;;;;461 
;;;Total;27.925 ;623.495 ;14.532 ;162.529 ;45.620 ;216.235 ;12.506 ;36.853 ;8.629 ;;;;;;1.148.324 
;;Feminino;18 a 21;104 ;5.951 ;;1 ;;2.806 ;;;;;;;;;8.862 
;;;22 a 25;445 ;17.697 ;3 ;89 ;4 ;7.455 ;;4 ;1 ;;;;;;25.698 
;;;26 a 30;1.024 ;38.348 ;7 ;555 ;36 ;15.199 ;2 ;20 ;1 ;;;;;;55.192 
;;;31 a 40;2.971 ;94.862 ;40 ;2.631 ;351 ;43.208 ;4 ;178 ;14 ;;;;;;144.259 
;;;41 a 50;2.860 ;66.719 ;99 ;2.378 ;457 ;51.000 ;38 ;451 ;61 ;;;;;;124.063 
;;;51 a 60;1.641 ;24.259 ;132 ;855 ;174 ;38.648 ;97 ;471 ;52 ;;;;;;66.329 
;;;61 a 70;508 ;5.461 ;59 ;221 ;62 ;25.561 ;116 ;273 ;34 ;;;;;;32.295 
;;;71 a 80;74 ;643 ;13 ;27 ;7 ;10.758 ;38 ;58 ;12 ;;;;;;11.630 
;;;81 a 90;5 ;43 ;1 ;2 ;;2.718 ;7 ;10 ;1 ;;;;;;2.787 
;;;91 a 100;;2 ;;;;447 ;;2 ;;;;;;;451 
;;;101 a 120;;;;;;24 ;;;;;;;;;24 
;;;Total;9.632 ;253.985 ;354 ;6.759 ;1.091 ;197.824 ;302 ;1.467 ;176 ;;;;;;471.590 
;;Total;;37.557 ;877.480 ;14.886 ;169.288 ;46.711 ;414.059 ;12.808 ;38.320 ;8.805 ;;;;;;1.619.914 
;Rondônia;Masculino;18 a 21;161 ;16.143 ;122 ;71 ;18 ;1.099 ;;;;;;;;;17.614 
;;;22 a 25;531 ;28.268 ;299 ;1.609 ;510 ;2.110 ;3 ;27 ;2 ;;;;;;33.359 
;;;26 a 30;989 ;42.678 ;334 ;4.912 ;1.941 ;3.112 ;6 ;73 ;19 ;;;;;;54.064 
;;;31 a 40;2.409 ;81.031 ;1.239 ;20.561 ;8.986 ;5.917 ;31 ;354 ;129 ;;;;;;120.657 
;;;41 a 50;2.851 ;64.265 ;4.133 ;20.168 ;10.351 ;6.322 ;233 ;756 ;587 ;;1 ;1 ;;;109.668 
;;;51 a 60;2.742 ;40.301 ;7.924 ;11.831 ;6.891 ;7.331 ;1.358 ;1.454 ;1.370 ;;;;;;81.202 
;;;61 a 70;1.448 ;19.266 ;5.208 ;5.153 ;2.941 ;9.308 ;2.720 ;2.350 ;1.766 ;1 ;;;;;50.161 
;;;71 a 80;513 ;6.257 ;1.230 ;1.056 ;439 ;7.503 ;1.856 ;1.408 ;703 ;;;;;;20.965 
;;;81 a 90;160 ;1.134 ;300 ;168 ;27 ;3.243 ;919 ;540 ;124 ;;;;;;6.615 
;;;91 a 100;17 ;115 ;41 ;15 ;3 ;845 ;332 ;122 ;14 ;;;;;;1.504 
;;;101 a 120;;5 ;1 ;1 ;;79 ;15 ;6 ;;;;;;;107 
;;;Total;11.821 ;299.463 ;20.831 ;65.545 ;32.107 ;46.869 ;7.473 ;7.090 ;4.714 ;1 ;1 ;1 ;;;495.916 
;;Feminino;18 a 21;145 ;9.157 ;4 ;;1 ;1.575 ;;;;;;;;;10.882 
;;;22 a 25;595 ;17.793 ;11 ;37 ;2 ;3.343 ;1 ;2 ;;;;;;;21.784 
;;;26 a 30;1.137 ;31.547 ;12 ;179 ;38 ;5.585 ;;4 ;;;;;;;38.502 
;;;31 a 40;3.658 ;68.835 ;40 ;793 ;149 ;12.199 ;;33 ;;;;;;;85.707 
;;;41 a 50;4.678 ;49.493 ;124 ;735 ;155 ;14.074 ;13 ;89 ;7 ;;;;;;69.368 
;;;51 a 60;2.786 ;20.703 ;211 ;279 ;70 ;14.152 ;73 ;69 ;16 ;;;;;;38.359 
;;;61 a 70;731 ;4.798 ;81 ;54 ;16 ;9.954 ;81 ;66 ;10 ;;;;;;15.791 
;;;71 a 80;89 ;513 ;19 ;4 ;;3.095 ;26 ;6 ;2 ;;;;;;3.754 
;;;81 a 90;4 ;27 ;1 ;3 ;;517 ;7 ;1 ;1 ;;;;;;561 
;;;91 a 100;;;;;;43 ;;;;;;;;;43 
;;;101 a 120;;;;;;2 ;;;;;;;;;2 
;;;Total;13.823 ;202.866 ;503 ;2.084 ;431 ;64.539 ;201 ;270 ;36 ;;;;;;284.753 
;;Total;;25.644 ;502.329 ;21.334 ;67.629 ;32.538 ;111.408 ;7.674 ;7.360 ;4.750 ;1 ;1 ;1 ;;;780.669 
;Roraima;Masculino;18 a 21;88 ;3.090 ;3 ;26 ;;780 ;;1 ;;;;;;;3.988 
;;;22 a 25;300 ;6.003 ;6 ;432 ;21 ;1.441 ;6 ;23 ;;;;;;;8.232 
;;;26 a 30;712 ;9.142 ;40 ;1.208 ;151 ;2.070 ;31 ;62 ;10 ;;;;;;13.426 
;;;31 a 40;1.280 ;18.200 ;152 ;4.658 ;976 ;3.107 ;152 ;395 ;49 ;;;;;;28.969 
;;;41 a 50;1.021 ;14.672 ;359 ;5.245 ;1.107 ;2.570 ;110 ;591 ;131 ;;;;;;25.806 
;;;51 a 60;672 ;8.433 ;780 ;2.899 ;656 ;2.400 ;346 ;693 ;174 ;;;;;;17.053 
;;;61 a 70;330 ;4.158 ;716 ;1.415 ;286 ;2.225 ;448 ;656 ;177 ;;;;;;10.411 
;;;71 a 80;137 ;1.580 ;252 ;320 ;64 ;1.406 ;264 ;338 ;51 ;;;;;;4.412 
;;;81 a 90;48 ;329 ;66 ;36 ;8 ;522 ;129 ;101 ;9 ;;;;;;1.248 
;;;91 a 100;14 ;70 ;12 ;5 ;1 ;145 ;36 ;16 ;;;;;;;299 
;;;101 a 120;;12 ;;;;14 ;6 ;;;;;;;;32 
;;;Total;4.602 ;65.689 ;2.386 ;16.244 ;3.270 ;16.680 ;1.528 ;2.876 ;601 ;;;;;;113.876 
;;Feminino;18 a 21;50 ;1.112 ;;;;908 ;;;;;;;;;2.070 
;;;22 a 25;166 ;2.642 ;1 ;10 ;;1.805 ;;;;;;;;;4.624 
;;;26 a 30;593 ;4.774 ;;27 ;5 ;2.921 ;;5 ;;;;;;;8.325 
;;;31 a 40;1.489 ;11.779 ;6 ;141 ;7 ;5.154 ;13 ;15 ;1 ;;;;;;18.605 
;;;41 a 50;1.327 ;9.094 ;7 ;164 ;13 ;4.674 ;11 ;33 ;2 ;;;;;;15.325 
;;;51 a 60;472 ;3.745 ;8 ;54 ;6 ;3.634 ;7 ;35 ;1 ;;1 ;;;;7.963 
;;;61 a 70;156 ;1.198 ;5 ;23 ;3 ;2.319 ;14 ;14 ;1 ;1 ;;;;;3.734 
;;;71 a 80;38 ;267 ;3 ;1 ;1 ;763 ;4 ;2 ;;;;;;;1.079 
;;;81 a 90;4 ;35 ;1 ;;;138 ;;;;;;;;;178 
;;;91 a 100;;4 ;;;;15 ;;1 ;;;;;;;20 
;;;Total;4.295 ;34.650 ;31 ;420 ;35 ;22.331 ;49 ;105 ;5 ;1 ;1 ;;;;61.923 
;;Total;;8.897 ;100.339 ;2.417 ;16.664 ;3.305 ;39.011 ;1.577 ;2.981 ;606 ;1 ;1 ;;;;175.799 
;Tocantins;Masculino;18 a 21;70 ;12.540 ;195 ;67 ;21 ;1.387 ;18 ;2 ;3 ;;;;;;14.303 
;;;22 a 25;228 ;22.492 ;310 ;1.639 ;717 ;1.940 ;39 ;46 ;49 ;;;;;;27.460 
;;;26 a 30;539 ;33.030 ;179 ;4.971 ;2.181 ;2.996 ;21 ;137 ;141 ;;;;;;44.195 
;;;31 a 40;1.950 ;59.903 ;418 ;17.178 ;8.030 ;5.333 ;57 ;561 ;514 ;;;;;;93.944 
;;;41 a 50;2.267 ;45.817 ;1.071 ;17.623 ;7.317 ;7.944 ;382 ;1.984 ;1.479 ;;;;;;85.884 
;;;51 a 60;1.964 ;25.153 ;2.583 ;8.827 ;3.281 ;9.124 ;1.614 ;3.007 ;1.496 ;;;;;;57.049 
;;;61 a 70;1.107 ;10.287 ;1.739 ;3.353 ;1.060 ;8.815 ;2.592 ;3.189 ;1.143 ;;;;;;33.285 
;;;71 a 80;411 ;2.786 ;415 ;645 ;148 ;7.080 ;1.549 ;1.708 ;331 ;;;;;;15.073 
;;;81 a 90;93 ;384 ;48 ;89 ;3 ;3.129 ;637 ;552 ;47 ;;;;;;4.982 
;;;91 a 100;8 ;31 ;5 ;5 ;;890 ;124 ;92 ;5 ;;;;;;1.160 
;;;101 a 120;;;;;;96 ;6 ;;;;;;;;102 
;;;Total;8.637 ;212.423 ;6.963 ;54.397 ;22.758 ;48.734 ;7.039 ;11.278 ;5.208 ;;;;;;377.437 
;;Feminino;18 a 21;43 ;5.206 ;4 ;2 ;;1.641 ;2 ;;;;;;;;6.898 
;;;22 a 25;140 ;10.621 ;3 ;31 ;5 ;2.966 ;1 ;3 ;;;;;;;13.770 
;;;26 a 30;516 ;19.168 ;3 ;104 ;25 ;4.523 ;1 ;13 ;3 ;;;;;;24.356 
;;;31 a 40;2.262 ;42.101 ;7 ;457 ;67 ;9.614 ;1 ;40 ;4 ;;;;;;54.553 
;;;41 a 50;2.695 ;30.740 ;12 ;482 ;71 ;12.899 ;12 ;102 ;9 ;;;;;;47.022 
;;;51 a 60;1.558 ;11.767 ;32 ;188 ;22 ;12.246 ;55 ;91 ;10 ;;;;;;25.969 
;;;61 a 70;425 ;2.379 ;19 ;29 ;8 ;7.676 ;53 ;66 ;2 ;;;;;;10.657 
;;;71 a 80;56 ;172 ;1 ;5 ;;2.634 ;12 ;9 ;1 ;;;;;;2.890 
;;;81 a 90;1 ;7 ;;;;558 ;3 ;3 ;;;;;;;572 
;;;91 a 100;;;;;;55 ;1 ;;;;;;;;56 
;;;101 a 120;;;;;;2 ;;;;;;;;;2 
;;;Total;7.696 ;122.161 ;81 ;1.298 ;198 ;54.814 ;141 ;327 ;29 ;;;;;;186.745 
;;Total;;16.333 ;334.584 ;7.044 ;55.695 ;22.956 ;103.548 ;7.180 ;11.605 ;5.237 ;;;;;;564.182 
;Total;;;192.228 ;2.296.301 ;55.165 ;381.949 ;121.669 ;1.198.785 ;40.575 ;96.426 ;26.211 ;9 ;4 ;2 ;;;4.409.324 
Sudeste;Espírito Santo;Masculino;18 a 21;874 ;23.732 ;228 ;80 ;18 ;5.694 ;16 ;8 ;1 ;;;;;;30.651 
;;;22 a 25;2.484 ;47.286 ;578 ;3.202 ;442 ;11.575 ;48 ;194 ;31 ;;;;;;65.840 
;;;26 a 30;3.482 ;72.585 ;764 ;9.798 ;1.981 ;19.796 ;52 ;775 ;174 ;;1 ;;;;109.408 
;;;31 a 40;6.760 ;149.032 ;1.734 ;40.237 ;12.362 ;44.982 ;169 ;3.675 ;1.045 ;;8 ;;1 ;;260.005 
;;;41 a 50;5.277 ;109.745 ;2.813 ;40.945 ;17.034 ;57.447 ;991 ;9.907 ;4.660 ;;8 ;;;;248.827 
;;;51 a 60;4.305 ;63.024 ;5.886 ;21.061 ;8.114 ;56.781 ;3.704 ;12.461 ;4.975 ;;10 ;;;;180.321 
;;;61 a 70;2.107 ;30.658 ;2.932 ;9.194 ;2.560 ;62.804 ;4.595 ;16.313 ;4.040 ;;7 ;;;;135.210 
;;;71 a 80;538 ;9.077 ;493 ;1.511 ;349 ;45.623 ;2.331 ;7.275 ;1.354 ;2 ;;;;;68.553 
;;;81 a 90;124 ;2.222 ;108 ;261 ;34 ;21.831 ;1.234 ;2.441 ;234 ;;;;;;28.489 
;;;91 a 100;23 ;379 ;12 ;30 ;2 ;8.378 ;291 ;382 ;27 ;;;;;;9.524 
;;;101 a 120;1 ;25 ;;;;1.079 ;8 ;13 ;;;;;;;1.126 
;;;Total;25.975 ;507.765 ;15.548 ;126.319 ;42.896 ;335.990 ;13.439 ;53.444 ;16.541 ;2 ;34 ;;1 ;;1.137.954 
;;Feminino;18 a 21;466 ;9.337 ;4 ;;;5.078 ;;1 ;;;;;;;14.886 
;;;22 a 25;1.587 ;21.903 ;6 ;135 ;4 ;12.276 ;1 ;6 ;1 ;;;;;;35.919 
;;;26 a 30;2.846 ;39.166 ;13 ;518 ;28 ;24.747 ;2 ;68 ;2 ;;1 ;;;;67.391 
;;;31 a 40;6.590 ;85.859 ;20 ;2.198 ;182 ;68.130 ;5 ;418 ;14 ;;7 ;;;;163.423 
;;;41 a 50;5.382 ;51.270 ;36 ;1.643 ;187 ;76.909 ;17 ;889 ;46 ;;14 ;;;1 ;136.394 
;;;51 a 60;2.628 ;17.096 ;54 ;502 ;55 ;56.691 ;67 ;603 ;27 ;1 ;5 ;;;;77.729 
;;;61 a 70;546 ;3.481 ;16 ;102 ;17 ;40.419 ;77 ;369 ;17 ;;3 ;;;;45.047 
;;;71 a 80;36 ;378 ;3 ;12 ;4 ;17.181 ;36 ;100 ;4 ;;;;;;17.754 
;;;81 a 90;2 ;29 ;1 ;;;4.853 ;6 ;23 ;1 ;;;;;;4.915 
;;;91 a 100;;2 ;;1 ;;961 ;1 ;1 ;;;;;;;966 
;;;101 a 120;;;;;;48 ;;1 ;;;;;;;49 
;;;Total;20.083 ;228.521 ;153 ;5.111 ;477 ;307.293 ;212 ;2.479 ;112 ;1 ;30 ;;;1 ;564.473 
;;Total;;46.058 ;736.286 ;15.701 ;131.430 ;43.373 ;643.283 ;13.651 ;55.923 ;16.653 ;3 ;64 ;;1 ;1 ;1.702.427 
;Minas Gerais;Masculino;18 a 21;32.142 ;51.422 ;575 ;524 ;44 ;85.273 ;414 ;245 ;35 ;;;;;;170.674 
;;;22 a 25;50.392 ;118.364 ;1.246 ;11.889 ;2.126 ;145.298 ;865 ;5.395 ;969 ;2 ;3 ;;1 ;1 ;336.551 
;;;26 a 30;51.462 ;204.287 ;1.507 ;32.824 ;7.558 ;213.571 ;1.009 ;13.914 ;3.285 ;;2 ;;;1 ;529.420 
;;;31 a 40;71.134 ;472.889 ;3.954 ;127.130 ;38.590 ;419.318 ;2.213 ;46.172 ;13.047 ;1 ;7 ;;;1 ;1.194.456 
;;;41 a 50;43.532 ;378.980 ;11.426 ;134.590 ;45.855 ;419.289 ;7.234 ;73.327 ;22.975 ;1 ;8 ;;1 ;;1.137.218 
;;;51 a 60;27.155 ;231.178 ;21.670 ;81.689 ;22.652 ;355.813 ;17.477 ;77.326 ;20.230 ;2 ;2 ;;;;855.194 
;;;61 a 70;11.641 ;125.503 ;10.949 ;36.241 ;7.500 ;327.212 ;22.332 ;74.912 ;15.430 ;;4 ;;1 ;;631.725 
;;;71 a 80;2.796 ;42.098 ;1.838 ;6.606 ;1.083 ;237.964 ;10.494 ;33.831 ;4.614 ;1 ;2 ;;;;341.327 
;;;81 a 90;652 ;10.871 ;356 ;1.352 ;98 ;116.282 ;4.798 ;15.075 ;869 ;;;;;;150.353 
;;;91 a 100;109 ;2.118 ;57 ;241 ;7 ;43.179 ;1.243 ;4.587 ;100 ;;;;;;51.641 
;;;101 a 120;8 ;210 ;3 ;14 ;;6.849 ;136 ;334 ;2 ;;;;;;7.556 
;;;Total;291.023 ;1.637.920 ;53.581 ;433.100 ;125.513 ;2.370.048 ;68.215 ;345.118 ;81.556 ;7 ;28 ;;3 ;3 ;5.406.115 
;;Feminino;18 a 21;15.314 ;14.388 ;13 ;14 ;1 ;66.517 ;10 ;11 ;;;;;;;96.268 
;;;22 a 25;29.321 ;38.555 ;14 ;418 ;42 ;139.943 ;15 ;298 ;16 ;;;;;;208.622 
;;;26 a 30;36.639 ;78.429 ;19 ;1.473 ;144 ;237.278 ;15 ;1.032 ;59 ;;1 ;;;;355.089 
;;;31 a 40;56.928 ;187.548 ;35 ;6.325 ;686 ;556.057 ;43 ;4.817 ;251 ;1 ;1 ;;;;812.692 
;;;41 a 50;32.683 ;111.546 ;103 ;5.316 ;643 ;534.564 ;107 ;6.424 ;324 ;2 ;4 ;;;;691.716 
;;;51 a 60;12.250 ;40.920 ;424 ;1.851 ;271 ;364.688 ;721 ;4.173 ;212 ;1 ;4 ;;;;425.515 
;;;61 a 70;2.272 ;10.189 ;147 ;423 ;49 ;221.033 ;642 ;1.822 ;71 ;3 ;4 ;;;;236.655 
;;;71 a 80;174 ;1.330 ;7 ;28 ;3 ;94.544 ;211 ;350 ;7 ;1 ;;;;;96.655 
;;;81 a 90;10 ;113 ;6 ;6 ;;28.456 ;44 ;74 ;;;;;;;28.709 
;;;91 a 100;;5 ;;1 ;;6.282 ;6 ;13 ;;;;;;;6.307 
;;;101 a 120;;;;;;398 ;;;;;;;;;398 
;;;Total;185.591 ;483.023 ;768 ;15.855 ;1.839 ;2.249.760 ;1.814 ;19.014 ;940 ;8 ;14 ;;;;2.958.626 
;;Total;;476.614 ;2.120.943 ;54.349 ;448.955 ;127.352 ;4.619.808 ;70.029 ;364.132 ;82.496 ;15 ;42 ;;3 ;3 ;8.364.741 
;Rio de Janeiro;Masculino;18 a 21;2.805 ;31.802 ;43 ;49 ;;37.370 ;18 ;31 ;1 ;;;;;;72.119 
;;;22 a 25;10.742 ;81.589 ;162 ;3.823 ;307 ;94.245 ;46 ;1.975 ;126 ;;8 ;;;;193.023 
;;;26 a 30;17.945 ;130.090 ;216 ;13.599 ;1.744 ;170.576 ;93 ;7.982 ;741 ;;23 ;;;;343.009 
;;;31 a 40;31.598 ;258.210 ;518 ;49.297 ;9.733 ;412.289 ;462 ;39.006 ;5.658 ;3 ;135 ;2 ;1 ;;806.912 
;;;41 a 50;19.153 ;197.965 ;8.072 ;57.842 ;15.528 ;470.342 ;6.120 ;77.688 ;13.578 ;11 ;157 ;6 ;2 ;;866.464 
;;;51 a 60;9.033 ;129.425 ;28.044 ;38.214 ;10.388 ;366.405 ;32.594 ;69.144 ;11.638 ;11 ;109 ;6 ;5 ;4 ;695.020 
;;;61 a 70;3.248 ;90.242 ;12.658 ;24.950 ;3.520 ;339.832 ;37.129 ;68.959 ;8.275 ;20 ;42 ;3 ;2 ;1 ;588.881 
;;;71 a 80;692 ;39.045 ;2.442 ;8.666 ;671 ;260.252 ;19.193 ;47.850 ;2.982 ;12 ;20 ;2 ;;;381.827 
;;;81 a 90;158 ;12.449 ;741 ;2.755 ;87 ;148.436 ;9.403 ;27.596 ;791 ;1 ;3 ;;;;202.420 
;;;91 a 100;50 ;3.586 ;118 ;536 ;9 ;77.896 ;2.095 ;7.327 ;142 ;;;;;;91.759 
;;;101 a 120;7 ;470 ;8 ;46 ;;16.971 ;190 ;628 ;5 ;;;;;;18.325 
;;;Mais de 120;;;;;;6 ;;;;;;;;;6 
;;;Total;95.431 ;974.873 ;53.022 ;199.777 ;41.987 ;2.394.620 ;107.343 ;348.186 ;43.937 ;58 ;497 ;19 ;10 ;5 ;4.259.765 
;;Feminino;18 a 21;498 ;8.519 ;1 ;;;26.058 ;;;;;1 ;;;;35.077 
;;;22 a 25;2.050 ;22.402 ;;82 ;2 ;72.693 ;3 ;56 ;1 ;;2 ;;;;97.291 
;;;26 a 30;3.999 ;37.722 ;3 ;312 ;14 ;145.823 ;4 ;187 ;4 ;4 ;21 ;;;;188.093 
;;;31 a 40;8.709 ;67.928 ;4 ;1.309 ;111 ;398.376 ;14 ;1.434 ;68 ;13 ;85 ;;;;478.051 
;;;41 a 50;6.241 ;38.353 ;86 ;1.275 ;154 ;430.552 ;120 ;3.135 ;134 ;27 ;82 ;2 ;;;480.161 
;;;51 a 60;2.766 ;20.439 ;431 ;712 ;58 ;300.589 ;1.036 ;2.487 ;85 ;33 ;49 ;3 ;;;328.688 
;;;61 a 70;530 ;10.262 ;198 ;250 ;27 ;232.115 ;1.275 ;1.469 ;36 ;14 ;18 ;1 ;;;246.195 
;;;71 a 80;36 ;2.539 ;54 ;75 ;3 ;136.641 ;652 ;564 ;11 ;;1 ;;;;140.576 
;;;81 a 90;;353 ;11 ;23 ;2 ;51.424 ;200 ;202 ;2 ;;;;;;52.217 
;;;91 a 100;;62 ;1 ;3 ;;15.364 ;33 ;47 ;;;;;;;15.510 
;;;101 a 120;;5 ;;;;1.643 ;1 ;;;;;;;;1.649 
;;;Total;24.829 ;208.584 ;789 ;4.041 ;371 ;1.811.278 ;3.338 ;9.581 ;341 ;91 ;259 ;6 ;;;2.063.508 
;;Total;;120.260 ;1.183.457 ;53.811 ;203.818 ;42.358 ;4.205.898 ;110.681 ;357.767 ;44.278 ;149 ;756 ;25 ;10 ;5 ;6.323.273 
;São Paulo;Masculino;18 a 21;8.928 ;286.293 ;573 ;487 ;30 ;145.607 ;115 ;74 ;8 ;;1 ;;;;442.116 
;;;22 a 25;24.934 ;537.891 ;1.325 ;19.370 ;2.485 ;289.692 ;280 ;3.100 ;315 ;;1 ;;;;879.393 
;;;26 a 30;29.136 ;790.325 ;2.748 ;56.977 ;11.729 ;477.244 ;451 ;10.218 ;1.342 ;1 ;4 ;;;;1.380.175 
;;;31 a 40;41.906 ;1.694.243 ;8.966 ;246.992 ;77.876 ;1.051.810 ;2.225 ;52.427 ;11.504 ;4 ;18 ;;;;3.187.971 
;;;41 a 50;31.814 ;1.292.351 ;48.040 ;301.503 ;133.732 ;1.179.105 ;19.298 ;139.859 ;42.953 ;2 ;10 ;;;;3.188.667 
;;;51 a 60;17.392 ;701.520 ;159.950 ;202.268 ;98.371 ;919.582 ;109.026 ;192.806 ;54.843 ;1 ;7 ;;1 ;;2.455.767 
;;;61 a 70;7.264 ;359.299 ;51.137 ;132.639 ;36.439 ;900.544 ;84.822 ;276.779 ;51.291 ;;3 ;;1 ;;1.900.218 
;;;71 a 80;2.369 ;134.908 ;8.549 ;29.684 ;5.717 ;730.631 ;40.480 ;147.531 ;16.764 ;;1 ;;;;1.116.634 
;;;81 a 90;897 ;39.370 ;2.689 ;6.437 ;537 ;389.311 ;24.536 ;57.242 ;3.224 ;1 ;;;;;524.244 
;;;91 a 100;244 ;9.625 ;568 ;794 ;44 ;175.521 ;7.938 ;10.321 ;399 ;;;;;;205.454 
;;;101 a 120;21 ;999 ;22 ;18 ;4 ;29.376 ;463 ;341 ;7 ;;;;;;31.251 
;;;Total;164.905 ;5.846.824 ;284.567 ;997.169 ;366.964 ;6.288.423 ;289.634 ;890.698 ;182.650 ;9 ;45 ;;2 ;;15.311.890 
;;Feminino;18 a 21;2.851 ;138.261 ;11 ;12 ;1 ;141.756 ;3 ;6 ;1 ;;;;;;282.902 
;;;22 a 25;9.059 ;270.754 ;19 ;707 ;32 ;311.913 ;10 ;215 ;9 ;;1 ;;;;592.719 
;;;26 a 30;14.194 ;426.948 ;47 ;2.609 ;221 ;558.253 ;11 ;1.007 ;32 ;;4 ;;;;1.003.326 
;;;31 a 40;25.730 ;927.507 ;182 ;14.263 ;1.659 ;1.475.388 ;56 ;6.959 ;272 ;2 ;7 ;;1 ;;2.452.026 
;;;41 a 50;19.927 ;601.405 ;791 ;15.987 ;2.362 ;1.691.490 ;558 ;15.970 ;759 ;1 ;9 ;;;;2.349.259 
;;;51 a 60;9.923 ;253.327 ;6.230 ;7.399 ;1.206 ;1.257.642 ;18.107 ;16.561 ;644 ;3 ;2 ;;;;1.571.044 
;;;61 a 70;2.513 ;68.724 ;2.037 ;2.473 ;337 ;931.051 ;18.457 ;14.375 ;422 ;4 ;4 ;;;;1.040.397 
;;;71 a 80;245 ;9.728 ;273 ;345 ;37 ;469.965 ;7.381 ;4.858 ;85 ;;;;;;492.917 
;;;81 a 90;25 ;1.007 ;36 ;54 ;5 ;163.431 ;1.366 ;1.045 ;13 ;;;;;;166.982 
;;;91 a 100;2 ;98 ;1 ;6 ;;41.728 ;101 ;81 ;2 ;;;;;;42.019 
;;;101 a 120;;10 ;;;;3.577 ;7 ;1 ;;;;;;;3.595 
;;;Mais de 120;;1 ;;;;1 ;;;;;;;;;2 
;;;Total;84.469 ;2.697.770 ;9.627 ;43.855 ;5.860 ;7.046.195 ;46.057 ;61.078 ;2.239 ;10 ;27 ;;1 ;;9.997.188 
;;Total;;249.374 ;8.544.594 ;294.194 ;1.041.024 ;372.824 ;13.334.618 ;335.691 ;951.776 ;184.889 ;19 ;72 ;;3 ;;25.309.078 
;Total;;;892.306 ;12.585.280 ;418.055 ;1.825.227 ;585.907 ;22.803.607 ;530.052 ;1.729.598 ;328.316 ;186 ;934 ;25 ;17 ;9 ;41.699.519 
Sul;Paraná;Masculino;18 a 21;1.328 ;85.466 ;1.763 ;273 ;102 ;37.017 ;342 ;41 ;18 ;;;;;;126.350 
;;;22 a 25;3.390 ;144.438 ;4.729 ;8.604 ;2.894 ;65.587 ;990 ;1.409 ;526 ;;6 ;;;;232.573 
;;;26 a 30;4.863 ;213.952 ;6.883 ;24.674 ;10.112 ;99.468 ;1.296 ;4.134 ;1.795 ;;24 ;;3 ;2 ;367.206 
;;;31 a 40;8.501 ;405.740 ;19.140 ;80.792 ;44.989 ;188.798 ;3.987 ;15.104 ;8.581 ;2 ;97 ;6 ;6 ;3 ;775.746 
;;;41 a 50;6.182 ;270.868 ;28.715 ;74.939 ;57.312 ;224.767 ;13.503 ;31.084 ;26.071 ;;71 ;6 ;3 ;16 ;733.537 
;;;51 a 60;4.747 ;180.043 ;46.781 ;41.410 ;40.539 ;201.894 ;27.041 ;28.816 ;25.080 ;;50 ;12 ;2 ;15 ;596.430 
;;;61 a 70;1.961 ;96.048 ;29.992 ;15.682 ;15.609 ;185.640 ;42.425 ;22.252 ;21.147 ;2 ;21 ;4 ;2 ;;430.785 
;;;71 a 80;558 ;35.560 ;5.815 ;4.280 ;2.227 ;151.096 ;23.484 ;15.862 ;7.712 ;;5 ;;;2 ;246.601 
;;;81 a 90;151 ;9.011 ;1.560 ;1.090 ;195 ;76.387 ;12.927 ;8.977 ;1.464 ;;;;;;111.762 
;;;91 a 100;22 ;1.676 ;289 ;290 ;10 ;27.526 ;4.523 ;3.546 ;157 ;;;;;;38.039 
;;;101 a 120;1 ;156 ;20 ;25 ;;4.049 ;358 ;333 ;2 ;;1 ;;;;4.945 
;;;Mais de 120;;;;;;;;1 ;;;;;;;1 
;;;Total;31.704 ;1.442.958 ;145.687 ;252.059 ;173.989 ;1.262.229 ;130.876 ;131.559 ;92.553 ;4 ;275 ;28 ;16 ;38 ;3.663.975 
;;Feminino;18 a 21;821 ;39.364 ;44 ;8 ;3 ;42.847 ;24 ;4 ;2 ;;;;;;83.117 
;;;22 a 25;2.299 ;72.193 ;123 ;363 ;61 ;89.486 ;59 ;162 ;19 ;;6 ;;;;164.771 
;;;26 a 30;4.380 ;120.491 ;165 ;1.301 ;190 ;147.914 ;86 ;532 ;54 ;;16 ;;;;275.129 
;;;31 a 40;9.454 ;250.314 ;459 ;5.014 ;899 ;327.118 ;268 ;2.391 ;264 ;1 ;49 ;;;;596.231 
;;;41 a 50;6.992 ;138.543 ;501 ;4.259 ;931 ;359.712 ;434 ;3.833 ;501 ;1 ;55 ;;;3 ;515.765 
;;;51 a 60;3.474 ;57.787 ;536 ;1.614 ;413 ;275.551 ;698 ;2.577 ;304 ;;27 ;1 ;;3 ;342.985 
;;;61 a 70;754 ;17.698 ;322 ;339 ;100 ;169.760 ;711 ;1.018 ;95 ;2 ;3 ;;;1 ;190.803 
;;;71 a 80;88 ;2.808 ;55 ;33 ;11 ;74.282 ;370 ;193 ;19 ;;3 ;;;;77.862 
;;;81 a 90;9 ;306 ;13 ;3 ;;21.489 ;98 ;56 ;1 ;;;;;;21.975 
;;;91 a 100;;10 ;3 ;1 ;;4.385 ;21 ;17 ;;;;;;;4.437 
;;;101 a 120;;2 ;;;;332 ;1 ;1 ;;;;;;;336 
;;;Total;28.271 ;699.516 ;2.221 ;12.935 ;2.608 ;1.512.876 ;2.770 ;10.784 ;1.259 ;4 ;159 ;1 ;;7 ;2.273.411 
;;Total;;59.975 ;2.142.474 ;147.908 ;264.994 ;176.597 ;2.775.105 ;133.646 ;142.343 ;93.812 ;8 ;434 ;29 ;16 ;45 ;5.937.386 
;Rio Grande do Sul;Masculino;18 a 21;7.335 ;37.787 ;953 ;273 ;41 ;60.735 ;561 ;125 ;22 ;1 ;;;;;107.833 
;;;22 a 25;12.475 ;69.801 ;2.127 ;6.091 ;1.453 ;103.691 ;1.450 ;3.382 ;809 ;;;;;;201.279 
;;;26 a 30;13.096 ;119.165 ;3.494 ;17.083 ;5.337 ;145.258 ;1.754 ;7.805 ;2.194 ;2 ;2 ;;;;315.190 
;;;31 a 40;20.220 ;289.203 ;9.636 ;68.413 ;24.672 ;263.273 ;4.080 ;23.491 ;7.767 ;2 ;4 ;;;;710.761 
;;;41 a 50;13.400 ;227.263 ;17.477 ;71.294 ;31.739 ;257.248 ;9.390 ;35.271 ;13.851 ;4 ;4 ;;1 ;;676.942 
;;;51 a 60;10.154 ;193.000 ;45.572 ;43.707 ;23.268 ;206.085 ;21.010 ;23.531 ;10.518 ;5 ;4 ;;;;576.854 
;;;61 a 70;5.038 ;135.532 ;28.187 ;22.588 ;9.855 ;228.026 ;35.004 ;23.440 ;11.917 ;7 ;2 ;;;;499.596 
;;;71 a 80;1.429 ;51.906 ;5.291 ;5.482 ;1.976 ;204.937 ;18.666 ;13.310 ;5.570 ;1 ;;;;;308.568 
;;;81 a 90;426 ;14.469 ;1.136 ;996 ;183 ;120.621 ;8.664 ;5.242 ;1.200 ;1 ;1 ;;;;152.939 
;;;91 a 100;88 ;2.762 ;123 ;117 ;11 ;56.926 ;1.939 ;1.014 ;198 ;;;;;;63.178 
;;;101 a 120;10 ;277 ;3 ;2 ;;11.217 ;126 ;47 ;6 ;;;;;;11.688 
;;;Mais de 120;;;;;;1 ;;;;;;;;;1 
;;;Total;83.671 ;1.141.165 ;113.999 ;236.046 ;98.535 ;1.658.018 ;102.644 ;136.658 ;54.052 ;23 ;17 ;;1 ;;3.624.829 
;;Feminino;18 a 21;3.924 ;13.646 ;12 ;6 ;1 ;47.919 ;18 ;4 ;1 ;;;;;;65.531 
;;;22 a 25;7.394 ;28.230 ;29 ;174 ;30 ;94.202 ;40 ;178 ;24 ;1 ;2 ;;;;130.304 
;;;26 a 30;9.984 ;57.547 ;79 ;566 ;81 ;150.564 ;67 ;440 ;47 ;1 ;3 ;;;;219.379 
;;;31 a 40;18.912 ;144.641 ;164 ;2.875 ;384 ;340.886 ;139 ;1.854 ;145 ;8 ;10 ;;;;510.018 
;;;41 a 50;12.200 ;80.141 ;193 ;2.703 ;411 ;339.008 ;256 ;2.910 ;207 ;17 ;5 ;;;;438.051 
;;;51 a 60;5.862 ;37.318 ;398 ;963 ;157 ;246.757 ;343 ;1.598 ;79 ;23 ;4 ;;;;293.502 
;;;61 a 70;1.207 ;16.064 ;160 ;222 ;44 ;180.392 ;314 ;613 ;43 ;7 ;1 ;;;;199.067 
;;;71 a 80;123 ;2.905 ;38 ;31 ;5 ;93.270 ;161 ;166 ;15 ;1 ;;;;;96.715 
;;;81 a 90;12 ;320 ;6 ;4 ;;32.476 ;46 ;27 ;6 ;;;;;;32.897 
;;;91 a 100;1 ;38 ;1 ;1 ;;8.868 ;8 ;5 ;1 ;;;;;;8.923 
;;;101 a 120;;2 ;;;;848 ;;;;;;;;;850 
;;;Total;59.619 ;380.852 ;1.080 ;7.545 ;1.113 ;1.535.190 ;1.392 ;7.795 ;568 ;58 ;25 ;;;;1.995.237 
;;Total;;143.290 ;1.522.017 ;115.079 ;243.591 ;99.648 ;3.193.208 ;104.036 ;144.453 ;54.620 ;81 ;42 ;;1 ;;5.620.066 
;Santa Catarina;Masculino;18 a 21;780 ;80.517 ;1.973 ;221 ;84 ;21.385 ;181 ;18 ;11 ;;1 ;1 ;;;105.172 
;;;22 a 25;2.069 ;131.868 ;5.033 ;5.578 ;1.956 ;36.792 ;496 ;605 ;238 ;;3 ;;;;184.638 
;;;26 a 30;2.527 ;196.332 ;8.188 ;15.964 ;6.626 ;54.382 ;785 ;1.675 ;590 ;;11 ;;;;287.080 
;;;31 a 40;4.056 ;397.384 ;20.556 ;61.550 ;31.287 ;101.969 ;1.980 ;5.728 ;3.141 ;;29 ;;;;627.680 
;;;41 a 50;3.125 ;278.657 ;30.449 ;55.299 ;41.005 ;125.030 ;5.952 ;10.707 ;8.144 ;;23 ;1 ;1 ;;558.393 
;;;51 a 60;3.199 ;197.259 ;41.404 ;27.627 ;27.484 ;111.452 ;11.343 ;8.287 ;7.671 ;1 ;7 ;;;1 ;435.735 
;;;61 a 70;1.800 ;114.452 ;21.270 ;12.978 ;12.054 ;124.494 ;16.985 ;7.859 ;8.515 ;;4 ;;;;320.411 
;;;71 a 80;708 ;42.493 ;3.684 ;2.741 ;2.016 ;106.719 ;7.815 ;3.913 ;3.187 ;;1 ;;;;173.277 
;;;81 a 90;253 ;9.334 ;606 ;369 ;162 ;55.553 ;3.115 ;1.154 ;592 ;;;;;;71.138 
;;;91 a 100;47 ;1.437 ;48 ;27 ;6 ;20.678 ;511 ;166 ;47 ;;;;;;22.967 
;;;101 a 120;3 ;91 ;3 ;1 ;;2.841 ;17 ;8 ;1 ;;;;;;2.965 
;;;Total;18.567 ;1.449.824 ;133.214 ;182.355 ;122.680 ;761.295 ;49.180 ;40.120 ;32.137 ;1 ;79 ;2 ;1 ;1 ;2.789.456 
;;Feminino;18 a 21;467 ;46.105 ;66 ;10 ;1 ;27.491 ;10 ;2 ;;;1 ;;;;74.153 
;;;22 a 25;1.427 ;84.041 ;163 ;208 ;40 ;53.071 ;39 ;69 ;8 ;1 ;1 ;;;;139.068 
;;;26 a 30;2.162 ;137.266 ;234 ;789 ;117 ;84.979 ;46 ;152 ;18 ;;5 ;;;;225.768 
;;;31 a 40;4.679 ;292.676 ;556 ;3.450 ;615 ;186.402 ;124 ;684 ;96 ;1 ;27 ;;;;489.310 
;;;41 a 50;3.609 ;164.000 ;562 ;2.895 ;654 ;217.980 ;307 ;1.310 ;199 ;;9 ;;;;391.525 
;;;51 a 60;2.269 ;69.289 ;670 ;1.054 ;357 ;172.247 ;400 ;851 ;119 ;1 ;6 ;;;;247.263 
;;;61 a 70;697 ;21.479 ;280 ;294 ;135 ;117.338 ;360 ;417 ;80 ;1 ;4 ;;;;141.085 
;;;71 a 80;144 ;3.409 ;49 ;35 ;11 ;50.510 ;143 ;83 ;16 ;;;;;;54.400 
;;;81 a 90;17 ;331 ;6 ;1 ;7 ;13.134 ;26 ;20 ;9 ;;;;;;13.551 
;;;91 a 100;5 ;24 ;2 ;1 ;1 ;2.637 ;8 ;2 ;;;;;;;2.680 
;;;101 a 120;;1 ;;;;207 ;;;;;;;;;208 
;;;Total;15.476 ;818.621 ;2.588 ;8.737 ;1.938 ;925.996 ;1.463 ;3.590 ;545 ;4 ;53 ;;;;1.779.011 
;;Total;;34.043 ;2.268.445 ;135.802 ;191.092 ;124.618 ;1.687.291 ;50.643 ;43.710 ;32.682 ;5 ;132 ;2 ;1 ;1 ;4.568.467 
;Total;;;237.308 ;5.932.936 ;398.789 ;699.677 ;400.863 ;7.655.604 ;288.325 ;330.506 ;181.114 ;94 ;608 ;31 ;18 ;46 ;16.125.919 
Total;;;;2.108.179 ;29.750.374 ;1.074.825 ;4.340.428 ;1.546.100 ;39.656.466 ;1.057.324 ;2.772.300 ;683.807 ;841 ;1.878 ;65 ;41 ;58 ;82.992.686 
